"rid", "binaryID"
2314,1
59,10
513,11
60,100
627,110
2232,111
61,1000
628,1100
2169,1101
2242,1110
62,10000
629,11000
2170,11001
2243,11010
1129,11100
63,100000
630,110000
1191,110001
1140,110100
1139,111000
64,1000000
2286,1000001
631,1100000
2171,1100001
2244,1101000
1146,1110000
1184,1110001
65,10000000
2275,10000010
632,11000000
2172,11000001
1168,11010000
1151,11100000
1192,11100001
1206,11100010
66,100000000
633,110000000
1236,110000001
1156,111000000
1172,111000001
1207,111000100
67,1000000000
2290,1000000001
634,1100000000
1157,1110000000
1163,1110000001
1193,1110000010
68,10000000000
2291,10000000001
2288,10000000010
562,11000000000
635,11000000001
1166,11100000010
1169,11100000011
69,100000000000
2294,100000000001
2283,100000000010
2284,100000000011
561,110000000000
1291,110000000001
636,110000000010
2296,110000000011
70,1000000000000
2293,1000000000010
2276,1000000000100
2280,1000000000110
2282,1000000000111
1268,1100000000000
1292,1100000000010
1322,1100000000011
637,1100000000100
1350,1100000000101
1270,1100000000110
71,10000000000000
2292,10000000000100
2278,10000000001100
2287,10000000001110
1282,11000000000100
1342,11000000000110
638,11000000001000
2297,11000000001001
1352,11000000001010
1381,11000000001011
72,100000000000000
2289,100000000011100
639,110000000010000
2298,110000000010001
568,110000000010010
1363,110000000010100
1388,110000000010101
73,1000000000000000
2295,1000000000000001
2281,1000000000111000
640,1100000000100000
2300,1100000000100001
570,1100000000100010
1364,1100000000101000
1411,1100000000101010
74,10000000000000000
1158,10000000000000001
2279,10000000001110000
2285,10000000001110001
641,11000000001000000
1309,11000000001000010
1269,11000000001000100
75,100000000000000000
1142,100000000000000010
2277,100000000011100000
642,110000000010000000
2301,110000000010000001
76,1000000000000000000
2274,1000000000000000001
643,1100000000100000000
1326,1100000000100000010
77,10000000000000000000
1208,10000000000000000001
644,11000000001000000000
1387,11000000001000000001
78,100000000000000000000
1194,100000000000000000001
1243,100000000000000000010
645,110000000010000000000
1417,110000000010000000001
1404,110000000010000000010
1408,110000000010000000011
79,1000000000000000000000
1240,1000000000000000000001
1186,1000000000000000000010
1187,1000000000000000000011
1254,1000000000000000000100
646,1100000000100000000000
930,1100000000100000000001
1443,1100000000100000000010
1457,1100000000100000000011
1423,1100000000100000000110
80,10000000000000000000000
1246,10000000000000000000001
1252,10000000000000000000010
1161,10000000000000000000100
1159,10000000000000000000110
1160,10000000000000000000111
559,10000000000000000001000
647,11000000001000000000000
931,11000000001000000000010
1464,11000000001000000000100
1479,11000000001000000000101
81,100000000000000000000000
1249,100000000000000000000001
1251,100000000000000000000010
1261,100000000000000000000100
1135,100000000000000000001100
1162,100000000000000000001110
648,110000000010000000000000
2302,110000000010000000000001
932,110000000010000000000100
1357,110000000010000000000101
1463,110000000010000000001000
1471,110000000010000000001001
82,1000000000000000000000000
1216,1000000000000000000000001
1277,1000000000000000000000010
1273,1000000000000000000000100
1266,1000000000000000000001000
1136,1000000000000000000011000
649,1100000000100000000000000
2176,1100000000100000000000001
1401,1100000000100000000000010
1445,1100000000100000000000011
933,1100000000100000000001000
1333,1100000000100000000001001
579,1100000000100000000010010
1488,1100000000100000000010011
83,10000000000000000000000000
1137,10000000000000000000110000
650,11000000001000000000000000
722,11000000001000000000000001
1483,11000000001000000000000010
1379,11000000001000000000000100
1409,11000000001000000000000101
934,11000000001000000000010000
1320,11000000001000000000010001
1496,11000000001000000000100100
577,11000000001000000000100110
591,11000000001000000000100111
84,100000000000000000000000000
1255,100000000000000000000000001
651,110000000010000000000000000
2299,110000000010000000000000001
723,110000000010000000000000010
2304,110000000010000000000000011
1366,110000000010000000000001000
1393,110000000010000000000001001
935,110000000010000000000100000
1298,110000000010000000000100001
1306,110000000010000000000100010
578,110000000010000000001001100
589,110000000010000000001001101
1515,110000000010000000001001110
85,1000000000000000000000000000
565,1000000000000000000000000001
1248,1000000000000000000000000010
652,1100000000100000000000000000
1538,1100000000100000000000000001
1495,1100000000100000000000000010
724,1100000000100000000000000100
1499,1100000000100000000000000101
1343,1100000000100000000000010000
1354,1100000000100000000000010001
936,1100000000100000000001000000
2218,1100000000100000000001000001
587,1100000000100000000010011000
1503,1100000000100000000010011010
86,10000000000000000000000000000
1297,10000000000000000000000000001
1202,10000000000000000000000000100
653,11000000001000000000000000000
725,11000000001000000000000001000
1527,11000000001000000000000001001
1504,11000000001000000000000001010
1313,11000000001000000000000100000
1340,11000000001000000000000100010
1341,11000000001000000000000100011
563,11000000001000000000010000000
937,11000000001000000000010000001
1256,11000000001000000000010000010
87,100000000000000000000000000000
2272,100000000000000000000000000001
1295,100000000000000000000000000010
1300,100000000000000000000000000011
654,110000000010000000000000000000
1565,110000000010000000000000000001
726,110000000010000000000000010000
1506,110000000010000000000000010001
1522,110000000010000000000000010100
574,110000000010000000000001000000
1311,110000000010000000000001000110
560,110000000010000000000100000000
938,110000000010000000000100000010
1280,110000000010000000000100000011
2245,110000000010000000000100000100
88,1000000000000000000000000000000
1305,1000000000000000000000000000001
1247,1000000000000000000000000000010
1284,1000000000000000000000000000100
1285,1000000000000000000000000000101
1301,1000000000000000000000000000110
1310,1000000000000000000000000000111
655,1100000000100000000000000000000
1523,1100000000100000000000000000010
727,1100000000100000000000000100000
1485,1100000000100000000000000100001
1512,1100000000100000000000000100010
1529,1100000000100000000000000100011
1260,1100000000100000000000010000000
939,1100000000100000000001000000100
1258,1100000000100000000001000000110
1239,1100000000100000000001000001000
89,10000000000000000000000000000000
496,10000000000000000000000000000001
1281,10000000000000000000000000001000
1286,10000000000000000000000000001010
1299,10000000000000000000000000001100
1316,10000000000000000000000000001110
1356,10000000000000000000000000001111
656,11000000001000000000000000000000
953,11000000001000000000000000000001
728,11000000001000000000000001000000
2178,11000000001000000000000001000001
1475,11000000001000000000000001000010
1476,11000000001000000000000001000011
1547,11000000001000000000000001000100
1556,11000000001000000000000001000101
1222,11000000001000000000010000001100
2246,11000000001000000000010000010000
90,100000000000000000000000000000000
497,100000000000000000000000000000010
1325,100000000000000000000000000000011
1347,100000000000000000000000000011100
657,110000000010000000000000000000000
1587,110000000010000000000000000000001
954,110000000010000000000000000000010
964,110000000010000000000000000000011
729,110000000010000000000000010000000
2303,110000000010000000000000010000001
1432,110000000010000000000000010000100
1456,110000000010000000000000010000110
1570,110000000010000000000000010001000
1250,110000000010000000000100000100000
91,1000000000000000000000000000000000
498,1000000000000000000000000000000100
1346,1000000000000000000000000000000101
1336,1000000000000000000000000000000110
1338,1000000000000000000000000000000111
658,1100000000100000000000000000000000
792,1100000000100000000000000000000001
1567,1100000000100000000000000000000010
955,1100000000100000000000000000000100
965,1100000000100000000000000000000110
730,1100000000100000000000000100000000
1494,1100000000100000000000000100000001
1390,1100000000100000000000000100000010
1391,1100000000100000000000000100000011
1589,1100000000100000000000000100010000
1253,1100000000100000000001000001000000
92,10000000000000000000000000000000000
1339,10000000000000000000000000000000001
499,10000000000000000000000000000001000
1433,10000000000000000000000000000001001
1359,10000000000000000000000000000001010
1351,10000000000000000000000000000001100
1353,10000000000000000000000000000001110
1378,10000000000000000000000000000001111
659,11000000001000000000000000000000000
1663,11000000001000000000000000000000001
793,11000000001000000000000000000000010
956,11000000001000000000000000000001000
1664,11000000001000000000000000000001001
966,11000000001000000000000000000001100
1703,11000000001000000000000000000001101
731,11000000001000000000000001000000000
2231,11000000001000000000000001000000001
1516,11000000001000000000000001000000010
1384,11000000001000000000000001000000100
93,100000000000000000000000000000000000
1294,100000000000000000000000000000000001
500,100000000000000000000000000000010000
1405,100000000000000000000000000000010001
1442,100000000000000000000000000000010010
1399,100000000000000000000000000000011110
1430,100000000000000000000000000000011111
660,110000000010000000000000000000000000
1629,110000000010000000000000000000000001
794,110000000010000000000000000000000100
1542,110000000010000000000000000000000101
957,110000000010000000000000000000010000
1673,110000000010000000000000000000010001
967,110000000010000000000000000000011000
1753,110000000010000000000000000000011001
1697,110000000010000000000000000000011010
732,110000000010000000000000010000000000
1525,110000000010000000000000010000000001
584,110000000010000000000000010000000010
1355,110000000010000000000000010000001000
1368,110000000010000000000000010000001001
94,1000000000000000000000000000000000000
2273,1000000000000000000000000000000000001
1245,1000000000000000000000000000000000010
501,1000000000000000000000000000000100000
1438,1000000000000000000000000000000100001
1376,1000000000000000000000000000000100010
1452,1000000000000000000000000000000100100
1403,1000000000000000000000000000000111100
1415,1000000000000000000000000000000111101
661,1100000000100000000000000000000000000
1653,1100000000100000000000000000000000001
1598,1100000000100000000000000000000000010
1563,1100000000100000000000000000000001010
958,1100000000100000000000000000000100000
1633,1100000000100000000000000000000100001
968,1100000000100000000000000000000110000
1776,1100000000100000000000000000000110010
1704,1100000000100000000000000000000110100
733,1100000000100000000000000100000000000
1571,1100000000100000000000000100000000010
1572,1100000000100000000000000100000000011
1489,1100000000100000000000000100000000100
1490,1100000000100000000000000100000000101
1370,1100000000100000000000000100000010010
95,10000000000000000000000000000000000000
502,10000000000000000000000000000001000000
1468,10000000000000000000000000000001000001
1469,10000000000000000000000000000001000010
1481,10000000000000000000000000000001001000
1402,10000000000000000000000000000001111000
1437,10000000000000000000000000000001111010
1450,10000000000000000000000000000001111011
662,11000000001000000000000000000000000000
1667,11000000001000000000000000000000000010
959,11000000001000000000000000000001000000
1627,11000000001000000000000000000001000001
1662,11000000001000000000000000000001000010
1671,11000000001000000000000000000001000011
734,11000000001000000000000001000000000000
1549,11000000001000000000000001000000000001
1579,11000000001000000000000001000000000100
1588,11000000001000000000000001000000000110
1453,11000000001000000000000001000000001000
1482,11000000001000000000000001000000001010
96,100000000000000000000000000000000000000
503,100000000000000000000000000000010000000
1484,100000000000000000000000000000010000001
588,100000000000000000000000000000010000010
1467,100000000000000000000000000000010000011
1458,100000000000000000000000000000011110100
1478,100000000000000000000000000000011110110
663,110000000010000000000000000000000000000
960,110000000010000000000000000000010000000
1593,110000000010000000000000000000010000001
1694,110000000010000000000000000000010000100
1705,110000000010000000000000000000010000101
735,110000000010000000000000010000000000000
2230,110000000010000000000000010000000000001
1573,110000000010000000000000010000000000010
1602,110000000010000000000000010000000001100
1626,110000000010000000000000010000000001101
1431,110000000010000000000000010000000010000
97,1000000000000000000000000000000000000000
1349,1000000000000000000000000000000000000001
504,1000000000000000000000000000000100000000
1511,1000000000000000000000000000000100000001
1513,1000000000000000000000000000000100000100
1462,1000000000000000000000000000000100000110
1465,1000000000000000000000000000000100000111
664,1100000000100000000000000000000000000000
1652,1100000000100000000000000000000000000001
961,1100000000100000000000000000000100000000
1601,1100000000100000000000000000000100000001
1711,1100000000100000000000000000000100001000
736,1100000000100000000000000100000000000000
1574,1100000000100000000000000100000000000001
1507,1100000000100000000000000100000000000010
1578,1100000000100000000000000100000000000100
1413,1100000000100000000000000100000000100000
98,10000000000000000000000000000000000000000
1369,10000000000000000000000000000000000000010
505,10000000000000000000000000000001000000000
585,10000000000000000000000000000001000000001
1543,10000000000000000000000000000001000001000
1439,10000000000000000000000000000001000001100
1477,10000000000000000000000000000001000001110
665,11000000001000000000000000000000000000000
962,11000000001000000000000000000001000000000
1643,11000000001000000000000000000001000000001
737,11000000001000000000000001000000000000000
1584,11000000001000000000000001000000000000010
2255,11000000001000000000000001000000000000100
99,100000000000000000000000000000000000000000
1334,100000000000000000000000000000000000000001
506,100000000000000000000000000000010000000000
1492,100000000000000000000000000000010000000001
1424,100000000000000000000000000000010000011000
1425,100000000000000000000000000000010000011001
666,110000000010000000000000000000000000000000
963,110000000010000000000000000000010000000000
1624,110000000010000000000000000000010000000001
1674,110000000010000000000000000000010000000010
738,110000000010000000000000010000000000000000
1582,110000000010000000000000010000000000000001
1585,110000000010000000000000010000000000000100
586,110000000010000000000000010000000000001000
100,1000000000000000000000000000000000000000000
159,1000000000000000000000000000000000000000001
1383,1000000000000000000000000000000000000000010
1406,1000000000000000000000000000000000000000011
507,1000000000000000000000000000000100000000000
1510,1000000000000000000000000000000100000000001
583,1000000000000000000000000000000100000000010
1400,1000000000000000000000000000000100000110010
667,1100000000100000000000000000000000000000000
1691,1100000000100000000000000000000000000000001
1644,1100000000100000000000000000000100000000010
739,1100000000100000000000000100000000000000000
2184,1100000000100000000000000100000000000000001
1575,1100000000100000000000000100000000000000010
1594,1100000000100000000000000100000000000001000
575,1100000000100000000000000100000000000010000
101,10000000000000000000000000000000000000000000
160,10000000000000000000000000000000000000000010
573,10000000000000000000000000000000000000000011
1394,10000000000000000000000000000000000000000100
1449,10000000000000000000000000000000000000000101
508,10000000000000000000000000000001000000000000
1562,10000000000000000000000000000001000000000001
1526,10000000000000000000000000000001000000000010
1557,10000000000000000000000000000001000000000011
668,11000000001000000000000000000000000000000000
795,11000000001000000000000000000000000000000001
1717,11000000001000000000000000000000000000000010
1747,11000000001000000000000000000000000000000011
740,11000000001000000000000001000000000000000000
1620,11000000001000000000000001000000000000000001
1569,11000000001000000000000001000000000000000100
1576,11000000001000000000000001000000000000000101
581,11000000001000000000000001000000000000100000
1480,11000000001000000000000001000000000000100001
102,100000000000000000000000000000000000000000000
1217,100000000000000000000000000000000000000000001
161,100000000000000000000000000000000000000000100
1288,100000000000000000000000000000000000000000110
1312,100000000000000000000000000000000000000000111
1407,100000000000000000000000000000000000000001000
1440,100000000000000000000000000000000000000001001
509,100000000000000000000000000000010000000000000
1514,100000000000000000000000000000010000000000001
1583,100000000000000000000000000000010000000000010
1528,100000000000000000000000000000010000000000100
1564,100000000000000000000000000000010000000000101
669,110000000010000000000000000000000000000000000
802,110000000010000000000000000000000000000000001
796,110000000010000000000000000000000000000000010
1727,110000000010000000000000000000000000000000100
1772,110000000010000000000000000000000000000000101
1762,110000000010000000000000000000000000000000110
741,110000000010000000000000010000000000000000000
749,110000000010000000000000010000000000000000001
2248,110000000010000000000000010000000000000000010
1520,110000000010000000000000010000000000000001000
1577,110000000010000000000000010000000000000001001
1604,110000000010000000000000010000000000000001010
1459,110000000010000000000000010000000000001000010
103,1000000000000000000000000000000000000000000000
1213,1000000000000000000000000000000000000000000001
1200,1000000000000000000000000000000000000000000010
1201,1000000000000000000000000000000000000000000011
162,1000000000000000000000000000000000000000001000
2261,1000000000000000000000000000000000000000001001
1293,1000000000000000000000000000000000000000001100
1317,1000000000000000000000000000000000000000001101
1324,1000000000000000000000000000000000000000001110
1328,1000000000000000000000000000000000000000001111
1416,1000000000000000000000000000000000000000010000
510,1000000000000000000000000000000100000000000000
1521,1000000000000000000000000000000100000000000001
1493,1000000000000000000000000000000100000000000010
1553,1000000000000000000000000000000100000000001000
1566,1000000000000000000000000000000100000000001001
2182,1000000000000000000000000000000100000000001010
670,1100000000100000000000000000000000000000000000
1777,1100000000100000000000000000000000000000000001
803,1100000000100000000000000000000000000000000010
1736,1100000000100000000000000000000000000000000011
797,1100000000100000000000000000000000000000000100
1758,1100000000100000000000000000000000000000001000
742,1100000000100000000000000100000000000000000000
1645,1100000000100000000000000100000000000000000001
750,1100000000100000000000000100000000000000000010
2228,1100000000100000000000000100000000000000000011
1617,1100000000100000000000000100000000000000000100
1502,1100000000100000000000000100000000000000010000
1592,1100000000100000000000000100000000000000010010
1609,1100000000100000000000000100000000000000010100
104,10000000000000000000000000000000000000000000000
1182,10000000000000000000000000000000000000000000100
163,10000000000000000000000000000000000000000010000
1214,10000000000000000000000000000000000000000010001
1335,10000000000000000000000000000000000000000011110
1365,10000000000000000000000000000000000000000011111
1427,10000000000000000000000000000000000000000100000
511,10000000000000000000000000000001000000000000000
1560,10000000000000000000000000000001000000000000001
1597,10000000000000000000000000000001000000000010010
671,11000000001000000000000000000000000000000000000
1774,11000000001000000000000000000000000000000000010
804,11000000001000000000000000000000000000000000100
1668,11000000001000000000000000000000000000000000101
1710,11000000001000000000000000000000000000000000110
798,11000000001000000000000000000000000000000001000
743,11000000001000000000000001000000000000000000000
1684,11000000001000000000000001000000000000000000001
1642,11000000001000000000000001000000000000000000010
751,11000000001000000000000001000000000000000000100
2229,11000000001000000000000001000000000000000000101
1630,11000000001000000000000001000000000000000000110
2247,11000000001000000000000001000000000000000001000
1613,11000000001000000000000001000000000000000100100
105,100000000000000000000000000000000000000000000000
1178,100000000000000000000000000000000000000000000001
164,100000000000000000000000000000000000000000100000
2173,100000000000000000000000000000000000000000100001
1209,100000000000000000000000000000000000000000100010
1210,100000000000000000000000000000000000000000100011
512,100000000000000000000000000000010000000000000000
1581,100000000000000000000000000000010000000000000010
672,110000000010000000000000000000000000000000000000
1781,110000000010000000000000000000000000000000000001
805,110000000010000000000000000000000000000000001000
1690,110000000010000000000000000000000000000000001010
799,110000000010000000000000000000000000000000010000
744,110000000010000000000000010000000000000000000000
1731,110000000010000000000000010000000000000000000001
1688,110000000010000000000000010000000000000000000010
752,110000000010000000000000010000000000000000001000
2188,110000000010000000000000010000000000000000001001
1666,110000000010000000000000010000000000000000001010
1625,110000000010000000000000010000000000000000001100
1619,110000000010000000000000010000000000000000010000
106,1000000000000000000000000000000000000000000000000
1165,1000000000000000000000000000000000000000000000001
1154,1000000000000000000000000000000000000000000000010
165,1000000000000000000000000000000000000000001000000
2271,1000000000000000000000000000000000000000001000001
1265,1000000000000000000000000000000000000000001000010
1595,1000000000000000000000000000000100000000000000100
673,1100000000100000000000000000000000000000000000000
800,1100000000100000000000000000000000000000000100000
745,1100000000100000000000000100000000000000000000000
1765,1100000000100000000000000100000000000000000000001
1764,1100000000100000000000000100000000000000000000010
1780,1100000000100000000000000100000000000000000000011
1689,1100000000100000000000000100000000000000000000100
1720,1100000000100000000000000100000000000000000000101
753,1100000000100000000000000100000000000000000010000
2187,1100000000100000000000000100000000000000000010001
1665,1100000000100000000000000100000000000000000010100
1628,1100000000100000000000000100000000000000000100000
107,10000000000000000000000000000000000000000000000000
1179,10000000000000000000000000000000000000000000000001
1145,10000000000000000000000000000000000000000000000010
1134,10000000000000000000000000000000000000000000000100
166,10000000000000000000000000000000000000000010000000
199,10000000000000000000000000000000000000000010000001
704,11000000001000000000000000000000000000000000000000
1802,11000000001000000000000000000000000000000000000001
801,11000000001000000000000000000000000000000001000000
746,11000000001000000000000001000000000000000000000000
1807,11000000001000000000000001000000000000000000000001
2189,11000000001000000000000001000000000000000000000100
1719,11000000001000000000000001000000000000000000001010
1725,11000000001000000000000001000000000000000000001011
754,11000000001000000000000001000000000000000000100000
1732,11000000001000000000000001000000000000000000100010
1754,11000000001000000000000001000000000000000000100011
1658,11000000001000000000000001000000000000000000101000
1641,11000000001000000000000001000000000000000001000000
108,100000000000000000000000000000000000000000000000000
1149,100000000000000000000000000000000000000000000000001
1195,100000000000000000000000000000000000000000000000010
167,100000000000000000000000000000000000000000100000000
1176,100000000000000000000000000000000000000000100000001
200,100000000000000000000000000000000000000000100000010
2174,100000000000000000000000000000000000000000100000011
705,110000000010000000000000000000000000000000000000000
757,110000000010000000000000000000000000000000000000010
1803,110000000010000000000000000000000000000000000000011
747,110000000010000000000000010000000000000000000000000
1854,110000000010000000000000010000000000000000000000001
1840,110000000010000000000000010000000000000000000000010
1796,110000000010000000000000010000000000000000000001000
1797,110000000010000000000000010000000000000000000001001
1670,110000000010000000000000010000000000000000000010100
1757,110000000010000000000000010000000000000000000010110
755,110000000010000000000000010000000000000000001000000
1648,110000000010000000000000010000000000000000001000001
1735,110000000010000000000000010000000000000000001000100
1759,110000000010000000000000010000000000000000001000110
1808,110000000010000000000000010000000000000000001000111
1654,110000000010000000000000010000000000000000001010000
109,1000000000000000000000000000000000000000000000000000
1152,1000000000000000000000000000000000000000000000000001
168,1000000000000000000000000000000000000000001000000000
1155,1000000000000000000000000000000000000000001000000001
201,1000000000000000000000000000000000000000001000000100
1235,1000000000000000000000000000000000000000001000000101
1276,1000000000000000000000000000000000000000001000000110
706,1100000000100000000000000000000000000000000000000000
758,1100000000100000000000000000000000000000000000000100
1822,1100000000100000000000000000000000000000000000000101
748,1100000000100000000000000100000000000000000000000000
1871,1100000000100000000000000100000000000000000000000001
1857,1100000000100000000000000100000000000000000000000010
1841,1100000000100000000000000100000000000000000000010000
1848,1100000000100000000000000100000000000000000000010001
1832,1100000000100000000000000100000000000000000000010010
756,1100000000100000000000000100000000000000000010000000
2185,1100000000100000000000000100000000000000000010000010
1760,1100000000100000000000000100000000000000000010001100
1800,1100000000100000000000000100000000000000000010001101
1826,1100000000100000000000000100000000000000000010001110
110,10000000000000000000000000000000000000000000000000000
1118,10000000000000000000000000000000000000000000000000001
169,10000000000000000000000000000000000000000010000000000
202,10000000000000000000000000000000000000000010000001000
1238,10000000000000000000000000000000000000000010000001010
707,11000000001000000000000000000000000000000000000000000
674,11000000001000000000000000000000000000000000000001000
681,11000000001000000000000000000000000000000000000001001
2269,11000000001000000000000000000000000000000000000001010
1873,11000000001000000000000001000000000000000000000000010
1859,11000000001000000000000001000000000000000000000100000
1866,11000000001000000000000001000000000000000000000100010
2186,11000000001000000000000001000000000000000000100000100
1823,11000000001000000000000001000000000000000000100011100
111,100000000000000000000000000000000000000000000000000000
1110,100000000000000000000000000000000000000000000000000001
2241,100000000000000000000000000000000000000000000000000010
170,100000000000000000000000000000000000000000100000000000
1148,100000000000000000000000000000000000000000100000000001
203,100000000000000000000000000000000000000000100000010000
1267,100000000000000000000000000000000000000000100000010001
569,100000000000000000000000000000000000000000100000010100
708,110000000010000000000000000000000000000000000000000000
675,110000000010000000000000000000000000000000000000010000
682,110000000010000000000000000000000000000000000000010010
806,110000000010000000000000000000000000000000000000010011
1749,110000000010000000000000000000000000000000000000010100
1755,110000000010000000000000000000000000000000000000010101
1880,110000000010000000000000010000000000000000000000000100
1824,110000000010000000000000010000000000000000001000111000
112,1000000000000000000000000000000000000000000000000000000
539,1000000000000000000000000000000000000000000000000000001
1109,1000000000000000000000000000000000000000000000000000010
1114,1000000000000000000000000000000000000000000000000000100
171,1000000000000000000000000000000000000000001000000000000
1125,1000000000000000000000000000000000000000001000000000001
204,1000000000000000000000000000000000000000001000000100000
2175,1000000000000000000000000000000000000000001000000100001
1237,1000000000000000000000000000000000000000001000000100010
709,1100000000100000000000000000000000000000000000000000000
676,1100000000100000000000000000000000000000000000000100000
1851,1100000000100000000000000000000000000000000000000100001
683,1100000000100000000000000000000000000000000000000100100
696,1100000000100000000000000000000000000000000000000100101
807,1100000000100000000000000000000000000000000000000100110
113,10000000000000000000000000000000000000000000000000000000
1090,10000000000000000000000000000000000000000000000000000001
540,10000000000000000000000000000000000000000000000000000010
1091,10000000000000000000000000000000000000000000000000000011
1112,10000000000000000000000000000000000000000000000000000100
1111,10000000000000000000000000000000000000000000000000001000
172,10000000000000000000000000000000000000000010000000000000
1153,10000000000000000000000000000000000000000010000000000001
1119,10000000000000000000000000000000000000000010000000000010
1120,10000000000000000000000000000000000000000010000000000011
205,10000000000000000000000000000000000000000010000001000000
1283,10000000000000000000000000000000000000000010000001000001
1289,10000000000000000000000000000000000000000010000001000010
1228,10000000000000000000000000000000000000000010000001000100
1229,10000000000000000000000000000000000000000010000001000101
710,11000000001000000000000000000000000000000000000000000000
1877,11000000001000000000000000000000000000000000000000000001
677,11000000001000000000000000000000000000000000000001000000
1853,11000000001000000000000000000000000000000000000001000001
1804,11000000001000000000000000000000000000000000000001000010
684,11000000001000000000000000000000000000000000000001001000
697,11000000001000000000000000000000000000000000000001001010
2203,11000000001000000000000000000000000000000000000001001011
114,100000000000000000000000000000000000000000000000000000000
550,100000000000000000000000000000000000000000000000000000001
2240,100000000000000000000000000000000000000000000000000000010
541,100000000000000000000000000000000000000000000000000000100
554,100000000000000000000000000000000000000000000000000000110
173,100000000000000000000000000000000000000000100000000000000
1128,100000000000000000000000000000000000000000100000000000001
1150,100000000000000000000000000000000000000000100000000000010
2270,100000000000000000000000000000000000000000100000000000100
206,100000000000000000000000000000000000000000100000010000000
262,100000000000000000000000000000000000000000100000010000001
1211,100000000000000000000000000000000000000000100000010001010
1219,100000000000000000000000000000000000000000100000010001011
711,110000000010000000000000000000000000000000000000000000000
678,110000000010000000000000000000000000000000000000010000000
1889,110000000010000000000000000000000000000000000000010000001
1820,110000000010000000000000000000000000000000000000010000010
1821,110000000010000000000000000000000000000000000000010000011
685,110000000010000000000000000000000000000000000000010010000
2202,110000000010000000000000000000000000000000000000010010001
698,110000000010000000000000000000000000000000000000010010100
1972,110000000010000000000000000000000000000000000000010010110
115,1000000000000000000000000000000000000000000000000000000000
1072,1000000000000000000000000000000000000000000000000000000010
1099,1000000000000000000000000000000000000000000000000000000100
542,1000000000000000000000000000000000000000000000000000001000
174,1000000000000000000000000000000000000000001000000000000000
1100,1000000000000000000000000000000000000000001000000000001000
207,1000000000000000000000000000000000000000001000000100000000
1308,1000000000000000000000000000000000000000001000000100000001
263,1000000000000000000000000000000000000000001000000100000010
1307,1000000000000000000000000000000000000000001000000100000011
712,1100000000100000000000000000000000000000000000000000000000
679,1100000000100000000000000000000000000000000000000100000000
1855,1100000000100000000000000000000000000000000000000100000001
1789,1100000000100000000000000000000000000000000000000100000100
1786,1100000000100000000000000000000000000000000000000100000110
686,1100000000100000000000000000000000000000000000000100100000
2201,1100000000100000000000000000000000000000000000000100100001
1930,1100000000100000000000000000000000000000000000000100100010
699,1100000000100000000000000000000000000000000000000100101000
1975,1100000000100000000000000000000000000000000000000100101001
116,10000000000000000000000000000000000000000000000000000000000
547,10000000000000000000000000000000000000000000000000000000001
1104,10000000000000000000000000000000000000000000000000000001000
555,10000000000000000000000000000000000000000000000000000010000
897,10000000000000000000000000000000000000000000000000000010001
175,10000000000000000000000000000000000000000010000000000000000
1093,10000000000000000000000000000000000000000010000000000010000
1094,10000000000000000000000000000000000000000010000000000010001
208,10000000000000000000000000000000000000000010000001000000000
1302,10000000000000000000000000000000000000000010000001000000001
1327,10000000000000000000000000000000000000000010000001000000010
1344,10000000000000000000000000000000000000000010000001000000011
264,10000000000000000000000000000000000000000010000001000000100
1337,10000000000000000000000000000000000000000010000001000000101
1304,10000000000000000000000000000000000000000010000001000000110
713,11000000001000000000000000000000000000000000000000000000000
1869,11000000001000000000000000000000000000000000000000000000001
680,11000000001000000000000000000000000000000000000001000000000
1882,11000000001000000000000000000000000000000000000001000000001
1829,11000000001000000000000000000000000000000000000001000000010
687,11000000001000000000000000000000000000000000000001001000000
2200,11000000001000000000000000000000000000000000000001001000001
1971,11000000001000000000000000000000000000000000000001001000010
700,11000000001000000000000000000000000000000000000001001010000
2004,11000000001000000000000000000000000000000000000001001010010
2036,11000000001000000000000000000000000000000000000001001010011
117,100000000000000000000000000000000000000000000000000000000000
132,100000000000000000000000000000000000000000000000000000000001
548,100000000000000000000000000000000000000000000000000000000010
1088,100000000000000000000000000000000000000000000000000000000011
553,100000000000000000000000000000000000000000000000000000100010
898,100000000000000000000000000000000000000000000000000000100011
176,100000000000000000000000000000000000000000100000000000000000
1123,100000000000000000000000000000000000000000100000000000000001
546,100000000000000000000000000000000000000000100000000000100000
549,100000000000000000000000000000000000000000100000000000100001
1095,100000000000000000000000000000000000000000100000000000100010
209,100000000000000000000000000000000000000000100000010000000000
235,100000000000000000000000000000000000000000100000010000000001
1385,100000000000000000000000000000000000000000100000010000000110
265,100000000000000000000000000000000000000000100000010000001000
1362,100000000000000000000000000000000000000000100000010000001001
1345,100000000000000000000000000000000000000000100000010000001010
1315,100000000000000000000000000000000000000000100000010000001100
1331,100000000000000000000000000000000000000000100000010000001101
714,110000000010000000000000000000000000000000000000000000000000
605,110000000010000000000000000000000000000000000000000000000010
688,110000000010000000000000000000000000000000000000010010000000
1922,110000000010000000000000000000000000000000000000010010000010
701,110000000010000000000000000000000000000000000000010010100000
118,1000000000000000000000000000000000000000000000000000000000000
133,1000000000000000000000000000000000000000000000000000000000010
1078,1000000000000000000000000000000000000000000000000000000000011
552,1000000000000000000000000000000000000000000000000000000000100
558,1000000000000000000000000000000000000000000000000000000000101
1097,1000000000000000000000000000000000000000000000000000000000110
1086,1000000000000000000000000000000000000000000000000000001000100
177,1000000000000000000000000000000000000000001000000000000000000
1102,1000000000000000000000000000000000000000001000000000000000001
1083,1000000000000000000000000000000000000000001000000000001000000
1084,1000000000000000000000000000000000000000001000000000001000001
1082,1000000000000000000000000000000000000000001000000000001000100
210,1000000000000000000000000000000000000000001000000100000000000
236,1000000000000000000000000000000000000000001000000100000000010
266,1000000000000000000000000000000000000000001000000100000010000
1358,1000000000000000000000000000000000000000001000000100000010001
2260,1000000000000000000000000000000000000000001000000100000010010
715,1100000000100000000000000000000000000000000000000000000000000
689,1100000000100000000000000000000000000000000000000100100000000
1981,1100000000100000000000000000000000000000000000000100100000001
1940,1100000000100000000000000000000000000000000000000100100000100
1962,1100000000100000000000000000000000000000000000000100100000101
702,1100000000100000000000000000000000000000000000000100101000000
2033,1100000000100000000000000000000000000000000000000100101000001
119,10000000000000000000000000000000000000000000000000000000000000
1054,10000000000000000000000000000000000000000000000000000000000001
134,10000000000000000000000000000000000000000000000000000000000100
1055,10000000000000000000000000000000000000000000000000000000000101
1092,10000000000000000000000000000000000000000000000000000000001010
178,10000000000000000000000000000000000000000010000000000000000000
1108,10000000000000000000000000000000000000000010000000000000000010
1124,10000000000000000000000000000000000000000010000000000000000011
1075,10000000000000000000000000000000000000000010000000000010000010
1079,10000000000000000000000000000000000000000010000000000010000011
211,10000000000000000000000000000000000000000010000001000000000000
1290,10000000000000000000000000000000000000000010000001000000000001
237,10000000000000000000000000000000000000000010000001000000000100
1332,10000000000000000000000000000000000000000010000001000000000101
267,10000000000000000000000000000000000000000010000001000000100000
1382,10000000000000000000000000000000000000000010000001000000100001
716,11000000001000000000000000000000000000000000000000000000000000
1846,11000000001000000000000000000000000000000000000000000000000001
690,11000000001000000000000000000000000000000000000001001000000000
2002,11000000001000000000000000000000000000000000000001001000000001
2237,11000000001000000000000000000000000000000000000001001000001000
703,11000000001000000000000000000000000000000000000001001010000000
2046,11000000001000000000000000000000000000000000000001001010000001
120,100000000000000000000000000000000000000000000000000000000000000
1050,100000000000000000000000000000000000000000000000000000000000001
135,100000000000000000000000000000000000000000000000000000000001000
1071,100000000000000000000000000000000000000000000000000000000001001
1035,100000000000000000000000000000000000000000000000000000000001010
179,100000000000000000000000000000000000000000100000000000000000000
1113,100000000000000000000000000000000000000000100000000000000000001
1127,100000000000000000000000000000000000000000100000000000000000110
1144,100000000000000000000000000000000000000000100000000000000000111
1067,100000000000000000000000000000000000000000100000000000100000100
1068,100000000000000000000000000000000000000000100000000000100000101
1076,100000000000000000000000000000000000000000100000000000100000110
212,100000000000000000000000000000000000000000100000010000000000000
1287,100000000000000000000000000000000000000000100000010000000000001
238,100000000000000000000000000000000000000000100000010000000001000
1348,100000000000000000000000000000000000000000100000010000000001001
268,100000000000000000000000000000000000000000100000010000001000000
436,100000000000000000000000000000000000000000100000010000001000001
717,110000000010000000000000000000000000000000000000000000000000000
2204,110000000010000000000000000000000000000000000000000000000000001
1819,110000000010000000000000000000000000000000000000000000000000010
691,110000000010000000000000000000000000000000000000010010000000000
2058,110000000010000000000000000000000000000000000000010010000000001
1955,110000000010000000000000000000000000000000000000010010000010000
2258,110000000010000000000000000000000000000000000000010010100000010
121,1000000000000000000000000000000000000000000000000000000000000000
1045,1000000000000000000000000000000000000000000000000000000000000001
136,1000000000000000000000000000000000000000000000000000000000010000
1048,1000000000000000000000000000000000000000000000000000000000010001
1085,1000000000000000000000000000000000000000000000000000000000010010
1017,1000000000000000000000000000000000000000000000000000000000010100
180,1000000000000000000000000000000000000000001000000000000000000000
556,1000000000000000000000000000000000000000001000000000000000000001
2259,1000000000000000000000000000000000000000001000000000000000001100
1057,1000000000000000000000000000000000000000001000000000001000001000
1065,1000000000000000000000000000000000000000001000000000001000001010
1077,1000000000000000000000000000000000000000001000000000001000001100
213,1000000000000000000000000000000000000000001000000100000000000000
566,1000000000000000000000000000000000000000001000000100000000000001
1241,1000000000000000000000000000000000000000001000000100000000000010
1242,1000000000000000000000000000000000000000001000000100000000000011
239,1000000000000000000000000000000000000000001000000100000000010000
1361,1000000000000000000000000000000000000000001000000100000000010010
1367,1000000000000000000000000000000000000000001000000100000000010011
269,1000000000000000000000000000000000000000001000000100000010000000
1428,1000000000000000000000000000000000000000001000000100000010000001
437,1000000000000000000000000000000000000000001000000100000010000010
1429,1000000000000000000000000000000000000000001000000100000010000011
718,1100000000100000000000000000000000000000000000000000000000000000
759,1100000000100000000000000000000000000000000000000000000000000001
1935,1100000000100000000000000000000000000000000000000000000000000010
692,1100000000100000000000000000000000000000000000000100100000000000
2013,1100000000100000000000000000000000000000000000000100100000000001
2045,1100000000100000000000000000000000000000000000000100101000000100
122,10000000000000000000000000000000000000000000000000000000000000000
1044,10000000000000000000000000000000000000000000000000000000000000001
2239,10000000000000000000000000000000000000000000000000000000000000010
137,10000000000000000000000000000000000000000000000000000000000100000
1043,10000000000000000000000000000000000000000000000000000000000100001
1049,10000000000000000000000000000000000000000000000000000000000100010
181,10000000000000000000000000000000000000000010000000000000000000000
1096,10000000000000000000000000000000000000000010000000000000000000001
1073,10000000000000000000000000000000000000000010000000000000000000010
1131,10000000000000000000000000000000000000000010000000000000000011000
1066,10000000000000000000000000000000000000000010000000000010000010100
214,10000000000000000000000000000000000000000010000001000000000000000
564,10000000000000000000000000000000000000000010000001000000000000001
1234,10000000000000000000000000000000000000000010000001000000000000100
1233,10000000000000000000000000000000000000000010000001000000000000110
240,10000000000000000000000000000000000000000010000001000000000100000
1319,10000000000000000000000000000000000000000010000001000000000100001
1389,10000000000000000000000000000000000000000010000001000000000100100
1392,10000000000000000000000000000000000000000010000001000000000100101
1374,10000000000000000000000000000000000000000010000001000000000100110
270,10000000000000000000000000000000000000000010000001000000100000000
2177,10000000000000000000000000000000000000000010000001000000100000001
1434,10000000000000000000000000000000000000000010000001000000100000010
438,10000000000000000000000000000000000000000010000001000000100000100
719,11000000001000000000000000000000000000000000000000000000000000000
1849,11000000001000000000000000000000000000000000000000000000000000001
760,11000000001000000000000000000000000000000000000000000000000000010
1901,11000000001000000000000000000000000000000000000000000000000000011
693,11000000001000000000000000000000000000000000000001001000000000000
2023,11000000001000000000000000000000000000000000000001001000000000001
123,100000000000000000000000000000000000000000000000000000000000000000
1039,100000000000000000000000000000000000000000000000000000000000000100
138,100000000000000000000000000000000000000000000000000000000001000000
1034,100000000000000000000000000000000000000000000000000000000001000010
182,100000000000000000000000000000000000000000100000000000000000000000
544,100000000000000000000000000000000000000000100000000000000000000001
215,100000000000000000000000000000000000000000100000010000000000000000
572,100000000000000000000000000000000000000000100000010000000000000010
1171,100000000000000000000000000000000000000000100000010000000000001000
1212,100000000000000000000000000000000000000000100000010000000000001100
241,100000000000000000000000000000000000000000100000010000000001000000
1323,100000000000000000000000000000000000000000100000010000000001000001
1414,100000000000000000000000000000000000000000100000010000000001001000
1436,100000000000000000000000000000000000000000100000010000000001001001
1377,100000000000000000000000000000000000000000100000010000000001001100
1380,100000000000000000000000000000000000000000100000010000000001001101
271,100000000000000000000000000000000000000000100000010000001000000000
582,100000000000000000000000000000000000000000100000010000001000000001
439,100000000000000000000000000000000000000000100000010000001000001000
1486,100000000000000000000000000000000000000000100000010000001000001001
514,110000000010000000000000000000000000000000000000000000000000000000
1788,110000000010000000000000000000000000000000000000000000000000000010
602,110000000010000000000000000000000000000000000000000000000000000100
761,110000000010000000000000000000000000000000000000000000000000000101
694,110000000010000000000000000000000000000000000000010010000000000000
124,1000000000000000000000000000000000000000000000000000000000000000000
1024,1000000000000000000000000000000000000000000000000000000000000000001
1037,1000000000000000000000000000000000000000000000000000000000000001000
139,1000000000000000000000000000000000000000000000000000000000010000000
1029,1000000000000000000000000000000000000000000000000000000000010000001
183,1000000000000000000000000000000000000000001000000000000000000000000
216,1000000000000000000000000000000000000000001000000100000000000000000
1264,1000000000000000000000000000000000000000001000000100000000000000001
1170,1000000000000000000000000000000000000000001000000100000000000010000
242,1000000000000000000000000000000000000000001000000100000000010000000
1360,1000000000000000000000000000000000000000001000000100000000010000001
1398,1000000000000000000000000000000000000000001000000100000000010011010
1474,1000000000000000000000000000000000000000001000000100000000010011011
272,1000000000000000000000000000000000000000001000000100000010000000000
784,1000000000000000000000000000000000000000001000000100000010000000001
440,1000000000000000000000000000000000000000001000000100000010000010000
1524,1000000000000000000000000000000000000000001000000100000010000010001
1491,1000000000000000000000000000000000000000001000000100000010000010010
515,1100000000100000000000000000000000000000000000000000000000000000000
1905,1100000000100000000000000000000000000000000000000000000000000001000
762,1100000000100000000000000000000000000000000000000000000000000001010
2205,1100000000100000000000000000000000000000000000000000000000000001011
695,1100000000100000000000000000000000000000000000000100100000000000000
125,10000000000000000000000000000000000000000000000000000000000000000000
1036,10000000000000000000000000000000000000000000000000000000000000000001
140,10000000000000000000000000000000000000000000000000000000000100000000
899,10000000000000000000000000000000000000000000000000000000000100000001
1015,10000000000000000000000000000000000000000000000000000000000100000010
184,10000000000000000000000000000000000000000010000000000000000000000000
545,10000000000000000000000000000000000000000010000000000000000000000001
217,10000000000000000000000000000000000000000010000001000000000000000000
1262,10000000000000000000000000000000000000000010000001000000000000000001
1259,10000000000000000000000000000000000000000010000001000000000000000010
1263,10000000000000000000000000000000000000000010000001000000000000000011
243,10000000000000000000000000000000000000000010000001000000000100000000
1318,10000000000000000000000000000000000000000010000001000000000100000001
1418,10000000000000000000000000000000000000000010000001000000000100110100
1454,10000000000000000000000000000000000000000010000001000000000100110101
273,10000000000000000000000000000000000000000010000001000000100000000000
1497,10000000000000000000000000000000000000000010000001000000100000000001
785,10000000000000000000000000000000000000000010000001000000100000000010
1498,10000000000000000000000000000000000000000010000001000000100000000011
441,10000000000000000000000000000000000000000010000001000000100000100000
1448,10000000000000000000000000000000000000000010000001000000100000100001
580,10000000000000000000000000000000000000000010000001000000100000100100
516,11000000001000000000000000000000000000000000000000000000000000000000
1850,11000000001000000000000000000000000000000000000000000000000000000001
606,11000000001000000000000000000000000000000000000000000000000000010100
763,11000000001000000000000000000000000000000000000000000000000000010101
2209,11000000001000000000000000000000000000000000000000000000000000010110
126,100000000000000000000000000000000000000000000000000000000000000000000
1019,100000000000000000000000000000000000000000000000000000000000000000001
141,100000000000000000000000000000000000000000000000000000000001000000000
1011,100000000000000000000000000000000000000000000000000000000001000000001
900,100000000000000000000000000000000000000000000000000000000001000000010
185,100000000000000000000000000000000000000000100000000000000000000000000
1106,100000000000000000000000000000000000000000100000000000000000000000001
1062,100000000000000000000000000000000000000000100000000000000000000000010
1063,100000000000000000000000000000000000000000100000000000000000000000011
218,100000000000000000000000000000000000000000100000010000000000000000000
571,100000000000000000000000000000000000000000100000010000000000000000010
1278,100000000000000000000000000000000000000000100000010000000000000000011
1231,100000000000000000000000000000000000000000100000010000000000000000100
1244,100000000000000000000000000000000000000000100000010000000000000000110
244,100000000000000000000000000000000000000000100000010000000001000000000
1386,100000000000000000000000000000000000000000100000010000000001000000001
1419,100000000000000000000000000000000000000000100000010000000001001101000
1451,100000000000000000000000000000000000000000100000010000000001001101001
274,100000000000000000000000000000000000000000100000010000001000000000000
1548,100000000000000000000000000000000000000000100000010000001000000000001
786,100000000000000000000000000000000000000000100000010000001000000000100
2181,100000000000000000000000000000000000000000100000010000001000000000101
442,100000000000000000000000000000000000000000100000010000001000001000000
1441,100000000000000000000000000000000000000000100000010000001000001000001
1420,100000000000000000000000000000000000000000100000010000001000001000010
1421,100000000000000000000000000000000000000000100000010000001000001000011
517,110000000010000000000000000000000000000000000000000000000000000000000
1858,110000000010000000000000000000000000000000000000000000000000000000010
764,110000000010000000000000000000000000000000000000000000000000000101010
1899,110000000010000000000000000000000000000000000000000000000000000101011
2227,110000000010000000000000000000000000000000000000000000000000000101100
127,1000000000000000000000000000000000000000000000000000000000000000000000
1014,1000000000000000000000000000000000000000000000000000000000000000000001
142,1000000000000000000000000000000000000000000000000000000000010000000000
1002,1000000000000000000000000000000000000000000000000000000000010000000001
1007,1000000000000000000000000000000000000000000000000000000000010000000010
1008,1000000000000000000000000000000000000000000000000000000000010000000011
901,1000000000000000000000000000000000000000000000000000000000010000000100
1038,1000000000000000000000000000000000000000000000000000000000010000000101
186,1000000000000000000000000000000000000000001000000000000000000000000000
1080,1000000000000000000000000000000000000000001000000000000000000000000001
1047,1000000000000000000000000000000000000000001000000000000000000000000110
219,1000000000000000000000000000000000000000001000000100000000000000000000
1215,1000000000000000000000000000000000000000001000000100000000000000000001
567,1000000000000000000000000000000000000000001000000100000000000000000110
1279,1000000000000000000000000000000000000000001000000100000000000000000111
1180,1000000000000000000000000000000000000000001000000100000000000000001000
1185,1000000000000000000000000000000000000000001000000100000000000000001001
1232,1000000000000000000000000000000000000000001000000100000000000000001100
245,1000000000000000000000000000000000000000001000000100000000010000000000
1329,1000000000000000000000000000000000000000001000000100000000010000000001
275,1000000000000000000000000000000000000000001000000100000010000000000000
1561,1000000000000000000000000000000000000000001000000100000010000000000010
787,1000000000000000000000000000000000000000001000000100000010000000001000
1631,1000000000000000000000000000000000000000001000000100000010000000001001
1555,1000000000000000000000000000000000000000001000000100000010000000001010
443,1000000000000000000000000000000000000000001000000100000010000010000000
1466,1000000000000000000000000000000000000000001000000100000010000010000001
1396,1000000000000000000000000000000000000000001000000100000010000010000100
1397,1000000000000000000000000000000000000000001000000100000010000010000101
518,1100000000100000000000000000000000000000000000000000000000000000000000
1876,1100000000100000000000000000000000000000000000000000000000000000000001
1872,1100000000100000000000000000000000000000000000000000000000000000000100
765,1100000000100000000000000000000000000000000000000000000000000001010100
2206,1100000000100000000000000000000000000000000000000000000000000001010101
1895,1100000000100000000000000000000000000000000000000000000000000001010110
1956,1100000000100000000000000000000000000000000000000000000000000001011000
128,10000000000000000000000000000000000000000000000000000000000000000000000
1012,10000000000000000000000000000000000000000000000000000000000000000000001
998,10000000000000000000000000000000000000000000000000000000000000000000010
1001,10000000000000000000000000000000000000000000000000000000000000000000011
143,10000000000000000000000000000000000000000000000000000000000100000000000
1010,10000000000000000000000000000000000000000000000000000000000100000000001
985,10000000000000000000000000000000000000000000000000000000000100000000010
986,10000000000000000000000000000000000000000000000000000000000100000000011
995,10000000000000000000000000000000000000000000000000000000000100000000100
1004,10000000000000000000000000000000000000000000000000000000000100000000110
1006,10000000000000000000000000000000000000000000000000000000000100000000111
902,10000000000000000000000000000000000000000000000000000000000100000001000
1040,10000000000000000000000000000000000000000000000000000000000100000001001
1032,10000000000000000000000000000000000000000000000000000000000100000001010
187,10000000000000000000000000000000000000000010000000000000000000000000000
543,10000000000000000000000000000000000000000010000000000000000000000000001
220,10000000000000000000000000000000000000000010000001000000000000000000000
1226,10000000000000000000000000000000000000000010000001000000000000000000001
1173,10000000000000000000000000000000000000000010000001000000000000000010000
1174,10000000000000000000000000000000000000000010000001000000000000000010001
1175,10000000000000000000000000000000000000000010000001000000000000000010010
1167,10000000000000000000000000000000000000000010000001000000000000000011000
246,10000000000000000000000000000000000000000010000001000000000100000000000
1371,10000000000000000000000000000000000000000010000001000000000100000000001
1314,10000000000000000000000000000000000000000010000001000000000100000000010
1321,10000000000000000000000000000000000000000010000001000000000100000000011
276,10000000000000000000000000000000000000000010000001000000100000000000000
2179,10000000000000000000000000000000000000000010000001000000100000000000001
1554,10000000000000000000000000000000000000000010000001000000100000000010100
444,10000000000000000000000000000000000000000010000001000000100000100000000
1473,10000000000000000000000000000000000000000010000001000000100000100000001
519,11000000001000000000000000000000000000000000000000000000000000000000000
1785,11000000001000000000000000000000000000000000000000000000000000000000001
608,11000000001000000000000000000000000000000000000000000000000000000000010
766,11000000001000000000000000000000000000000000000000000000000000010101000
1976,11000000001000000000000000000000000000000000000000000000000000010101010
1888,11000000001000000000000000000000000000000000000000000000000000010101100
129,100000000000000000000000000000000000000000000000000000000000000000000000
1000,100000000000000000000000000000000000000000000000000000000000000000000001
2238,100000000000000000000000000000000000000000000000000000000000000000000100
997,100000000000000000000000000000000000000000000000000000000000000000000110
1003,100000000000000000000000000000000000000000000000000000000000000000000111
144,100000000000000000000000000000000000000000000000000000000001000000000000
155,100000000000000000000000000000000000000000000000000000000001000000000001
981,100000000000000000000000000000000000000000000000000000000001000000000100
982,100000000000000000000000000000000000000000000000000000000001000000000101
979,100000000000000000000000000000000000000000000000000000000001000000000110
980,100000000000000000000000000000000000000000000000000000000001000000000111
989,100000000000000000000000000000000000000000000000000000000001000000001100
1005,100000000000000000000000000000000000000000000000000000000001000000001110
903,100000000000000000000000000000000000000000000000000000000001000000010000
1051,100000000000000000000000000000000000000000000000000000000001000000010001
1031,100000000000000000000000000000000000000000000000000000000001000000010010
1020,100000000000000000000000000000000000000000000000000000000001000000010100
188,100000000000000000000000000000000000000000100000000000000000000000000000
557,100000000000000000000000000000000000000000100000000000000000000000000010
221,100000000000000000000000000000000000000000100000010000000000000000000000
1189,100000000000000000000000000000000000000000100000010000000000000000000001
1257,100000000000000000000000000000000000000000100000010000000000000000000010
1147,100000000000000000000000000000000000000000100000010000000000000000100010
1164,100000000000000000000000000000000000000000100000010000000000000000110000
247,100000000000000000000000000000000000000000100000010000000001000000000000
1410,100000000000000000000000000000000000000000100000010000000001000000000001
1296,100000000000000000000000000000000000000000100000010000000001000000000100
1303,100000000000000000000000000000000000000000100000010000000001000000000101
277,100000000000000000000000000000000000000000100000010000001000000000000000
1586,100000000000000000000000000000000000000000100000010000001000000000000010
1550,100000000000000000000000000000000000000000100000010000001000000000101000
445,100000000000000000000000000000000000000000100000010000001000001000000000
448,100000000000000000000000000000000000000000100000010000001000001000000001
520,110000000010000000000000000000000000000000000000000000000000000000000000
1844,110000000010000000000000000000000000000000000000000000000000000000000001
1770,110000000010000000000000000000000000000000000000000000000000000000000010
767,110000000010000000000000000000000000000000000000000000000000000101010000
1923,110000000010000000000000000000000000000000000000000000000000000101010001
130,1000000000000000000000000000000000000000000000000000000000000000000000000
994,1000000000000000000000000000000000000000000000000000000000000000000000001
993,1000000000000000000000000000000000000000000000000000000000000000000001000
996,1000000000000000000000000000000000000000000000000000000000000000000001100
1009,1000000000000000000000000000000000000000000000000000000000000000000001110
145,1000000000000000000000000000000000000000000000000000000000010000000000000
990,1000000000000000000000000000000000000000000000000000000000010000000000001
156,1000000000000000000000000000000000000000000000000000000000010000000000010
977,1000000000000000000000000000000000000000000000000000000000010000000001000
983,1000000000000000000000000000000000000000000000000000000000010000000001001
978,1000000000000000000000000000000000000000000000000000000000010000000001110
904,1000000000000000000000000000000000000000000000000000000000010000000100000
1042,1000000000000000000000000000000000000000000000000000000000010000000100001
1058,1000000000000000000000000000000000000000000000000000000000010000000100010
1022,1000000000000000000000000000000000000000000000000000000000010000000100100
1023,1000000000000000000000000000000000000000000000000000000000010000000100101
189,1000000000000000000000000000000000000000001000000000000000000000000000000
918,1000000000000000000000000000000000000000001000000000000000000000000000001
1087,1000000000000000000000000000000000000000001000000000000000000000000000100
1107,1000000000000000000000000000000000000000001000000000000000000000000000101
222,1000000000000000000000000000000000000000001000000100000000000000000000000
1188,1000000000000000000000000000000000000000001000000100000000000000000000001
1141,1000000000000000000000000000000000000000001000000100000000000000000000010
248,1000000000000000000000000000000000000000001000000100000000010000000000000
1395,1000000000000000000000000000000000000000001000000100000000010000000000001
278,1000000000000000000000000000000000000000001000000100000010000000000000000
1551,1000000000000000000000000000000000000000001000000100000010000000001010000
446,1000000000000000000000000000000000000000001000000100000010000010000000000
1552,1000000000000000000000000000000000000000001000000100000010000010000000001
449,1000000000000000000000000000000000000000001000000100000010000010000000010
485,1000000000000000000000000000000000000000001000000100000010000010000000011
521,1100000000100000000000000000000000000000000000000000000000000000000000000
1791,1100000000100000000000000000000000000000000000000000000000000000000000001
1864,1100000000100000000000000000000000000000000000000000000000000000000000010
2250,1100000000100000000000000000000000000000000000000000000000000000000000100
768,1100000000100000000000000000000000000000000000000000000000000001010100000
1907,1100000000100000000000000000000000000000000000000000000000000001010100010
131,10000000000000000000000000000000000000000000000000000000000000000000000000
988,10000000000000000000000000000000000000000000000000000000000000000000000001
999,10000000000000000000000000000000000000000000000000000000000000000000000010
991,10000000000000000000000000000000000000000000000000000000000000000000010000
992,10000000000000000000000000000000000000000000000000000000000000000000010001
146,10000000000000000000000000000000000000000000000000000000000100000000000000
157,10000000000000000000000000000000000000000000000000000000000100000000000100
1013,10000000000000000000000000000000000000000000000000000000000100000000000101
974,10000000000000000000000000000000000000000000000000000000000100000000010000
905,10000000000000000000000000000000000000000000000000000000000100000001000000
1030,10000000000000000000000000000000000000000000000000000000000100000001000010
1016,10000000000000000000000000000000000000000000000000000000000100000001001000
190,10000000000000000000000000000000000000000010000000000000000000000000000000
1064,10000000000000000000000000000000000000000010000000000000000000000000000001
919,10000000000000000000000000000000000000000010000000000000000000000000000010
1061,10000000000000000000000000000000000000000010000000000000000000000000000011
1089,10000000000000000000000000000000000000000010000000000000000000000000001000
1122,10000000000000000000000000000000000000000010000000000000000000000000001001
1117,10000000000000000000000000000000000000000010000000000000000000000000001010
223,10000000000000000000000000000000000000000010000001000000000000000000000000
1225,10000000000000000000000000000000000000000010000001000000000000000000000001
1133,10000000000000000000000000000000000000000010000001000000000000000000000010
1138,10000000000000000000000000000000000000000010000001000000000000000000000011
249,10000000000000000000000000000000000000000010000001000000000100000000000000
1426,10000000000000000000000000000000000000000010000001000000000100000000000001
1412,10000000000000000000000000000000000000000010000001000000000100000000000010
1470,10000000000000000000000000000000000000000010000001000000000100000000000011
279,10000000000000000000000000000000000000000010000001000000100000000000000000
1558,10000000000000000000000000000000000000000010000001000000100000000010100000
447,10000000000000000000000000000000000000000010000001000000100000100000000000
450,10000000000000000000000000000000000000000010000001000000100000100000000100
788,10000000000000000000000000000000000000000010000001000000100000100000000101
486,10000000000000000000000000000000000000000010000001000000100000100000000110
590,10000000000000000000000000000000000000000010000001000000100000100000000111
522,11000000001000000000000000000000000000000000000000000000000000000000000000
1816,11000000001000000000000000000000000000000000000000000000000000000000000001
1709,11000000001000000000000000000000000000000000000000000000000000000000001000
769,11000000001000000000000000000000000000000000000000000000000000010101000000
1973,11000000001000000000000000000000000000000000000000000000000000010101000001
984,100000000000000000000000000000000000000000000000000000000000000000000100000
147,100000000000000000000000000000000000000000000000000000000001000000000000000
915,100000000000000000000000000000000000000000000000000000000001000000000000001
158,100000000000000000000000000000000000000000000000000000000001000000000001000
1018,100000000000000000000000000000000000000000000000000000000001000000000001010
906,100000000000000000000000000000000000000000000000000000000001000000010000000
1033,100000000000000000000000000000000000000000000000000000000001000000010000001
1021,100000000000000000000000000000000000000000000000000000000001000000010000100
191,100000000000000000000000000000000000000000100000000000000000000000000000000
1069,100000000000000000000000000000000000000000100000000000000000000000000000001
920,100000000000000000000000000000000000000000100000000000000000000000000000100
1060,100000000000000000000000000000000000000000100000000000000000000000000000110
1105,100000000000000000000000000000000000000000100000000000000000000000000010000
224,100000000000000000000000000000000000000000100000010000000000000000000000000
1218,100000000000000000000000000000000000000000100000010000000000000000000000001
1271,100000000000000000000000000000000000000000100000010000000000000000000000010
1121,100000000000000000000000000000000000000000100000010000000000000000000000100
1130,100000000000000000000000000000000000000000100000010000000000000000000000101
1132,100000000000000000000000000000000000000000100000010000000000000000000000110
250,100000000000000000000000000000000000000000100000010000000001000000000000000
1375,100000000000000000000000000000000000000000100000010000000001000000000000001
1444,100000000000000000000000000000000000000000100000010000000001000000000000100
1455,100000000000000000000000000000000000000000100000010000000001000000000000101
280,100000000000000000000000000000000000000000100000010000001000000000000000000
429,100000000000000000000000000000000000000000100000010000001000000000000000001
1590,100000000000000000000000000000000000000000100000010000001000000000101000000
1600,100000000000000000000000000000000000000000100000010000001000000000101000001
451,100000000000000000000000000000000000000000100000010000001000001000000001000
789,100000000000000000000000000000000000000000100000010000001000001000000001010
790,100000000000000000000000000000000000000000100000010000001000001000000001011
487,100000000000000000000000000000000000000000100000010000001000001000000001100
493,100000000000000000000000000000000000000000100000010000001000001000000001101
523,110000000010000000000000000000000000000000000000000000000000000000000000000
1878,110000000010000000000000000000000000000000000000000000000000000000000000001
1798,110000000010000000000000000000000000000000000000000000000000000000000000010
1708,110000000010000000000000000000000000000000000000000000000000000000000010000
1714,110000000010000000000000000000000000000000000000000000000000000000000010001
770,110000000010000000000000000000000000000000000000000000000000000101010000000
1993,110000000010000000000000000000000000000000000000000000000000000101010000001
148,1000000000000000000000000000000000000000000000000000000000010000000000000000
972,1000000000000000000000000000000000000000000000000000000000010000000000000001
916,1000000000000000000000000000000000000000000000000000000000010000000000000010
907,1000000000000000000000000000000000000000000000000000000000010000000100000000
1041,1000000000000000000000000000000000000000000000000000000000010000000100000001
1028,1000000000000000000000000000000000000000000000000000000000010000000100000010
192,1000000000000000000000000000000000000000001000000000000000000000000000000000
925,1000000000000000000000000000000000000000001000000000000000000000000000000001
1046,1000000000000000000000000000000000000000001000000000000000000000000000000010
921,1000000000000000000000000000000000000000001000000000000000000000000000001000
1027,1000000000000000000000000000000000000000001000000000000000000000000000001001
225,1000000000000000000000000000000000000000001000000100000000000000000000000000
1220,1000000000000000000000000000000000000000001000000100000000000000000000000001
1116,1000000000000000000000000000000000000000001000000100000000000000000000001000
1143,1000000000000000000000000000000000000000001000000100000000000000000000001100
251,1000000000000000000000000000000000000000001000000100000000010000000000000000
258,1000000000000000000000000000000000000000001000000100000000010000000000000001
281,1000000000000000000000000000000000000000001000000100000010000000000000000000
430,1000000000000000000000000000000000000000001000000100000010000000000000000010
1599,1000000000000000000000000000000000000000001000000100000010000000001010000000
452,1000000000000000000000000000000000000000001000000100000010000010000000010000
1580,1000000000000000000000000000000000000000001000000100000010000010000000010001
1611,1000000000000000000000000000000000000000001000000100000010000010000000010100
791,1000000000000000000000000000000000000000001000000100000010000010000000010110
488,1000000000000000000000000000000000000000001000000100000010000010000000011000
494,1000000000000000000000000000000000000000001000000100000010000010000000011010
524,1100000000100000000000000000000000000000000000000000000000000000000000000000
1879,1100000000100000000000000000000000000000000000000000000000000000000000000001
1881,1100000000100000000000000000000000000000000000000000000000000000000000000010
1885,1100000000100000000000000000000000000000000000000000000000000000000000000011
771,1100000000100000000000000000000000000000000000000000000000000001010100000000
2001,1100000000100000000000000000000000000000000000000000000000000001010100000010
149,10000000000000000000000000000000000000000000000000000000000100000000000000000
949,10000000000000000000000000000000000000000000000000000000000100000000000000001
917,10000000000000000000000000000000000000000000000000000000000100000000000000100
973,10000000000000000000000000000000000000000000000000000000000100000000000000101
908,10000000000000000000000000000000000000000000000000000000000100000001000000000
1053,10000000000000000000000000000000000000000000000000000000000100000001000000001
1026,10000000000000000000000000000000000000000000000000000000000100000001000000010
193,10000000000000000000000000000000000000000010000000000000000000000000000000000
551,10000000000000000000000000000000000000000010000000000000000000000000000000001
926,10000000000000000000000000000000000000000010000000000000000000000000000000010
922,10000000000000000000000000000000000000000010000000000000000000000000000010000
1025,10000000000000000000000000000000000000000010000000000000000000000000000010010
226,10000000000000000000000000000000000000000010000001000000000000000000000000000
1177,10000000000000000000000000000000000000000010000001000000000000000000000000001
252,10000000000000000000000000000000000000000010000001000000000100000000000000000
259,10000000000000000000000000000000000000000010000001000000000100000000000000010
282,10000000000000000000000000000000000000000010000001000000100000000000000000000
1614,10000000000000000000000000000000000000000010000001000000100000000000000000001
431,10000000000000000000000000000000000000000010000001000000100000000000000000100
1716,10000000000000000000000000000000000000000010000001000000100000000000000000101
1610,10000000000000000000000000000000000000000010000001000000100000000010100000000
453,10000000000000000000000000000000000000000010000001000000100000100000000100000
1621,10000000000000000000000000000000000000000010000001000000100000100000000100001
1591,10000000000000000000000000000000000000000010000001000000100000100000000100010
489,10000000000000000000000000000000000000000010000001000000100000100000000110000
495,10000000000000000000000000000000000000000010000001000000100000100000000110100
1487,10000000000000000000000000000000000000000010000001000000100000100000000110101
525,11000000001000000000000000000000000000000000000000000000000000000000000000000
604,11000000001000000000000000000000000000000000000000000000000000000000000000001
1874,11000000001000000000000000000000000000000000000000000000000000000000000000010
601,11000000001000000000000000000000000000000000000000000000000000000000000000100
2252,11000000001000000000000000000000000000000000000000000000000000000000000000110
150,100000000000000000000000000000000000000000000000000000000001000000000000000000
950,100000000000000000000000000000000000000000000000000000000001000000000000000010
975,100000000000000000000000000000000000000000000000000000000001000000000000001010
976,100000000000000000000000000000000000000000000000000000000001000000000000001011
909,100000000000000000000000000000000000000000000000000000000001000000010000000000
1052,100000000000000000000000000000000000000000000000000000000001000000010000000001
194,100000000000000000000000000000000000000000100000000000000000000000000000000000
1098,100000000000000000000000000000000000000000100000000000000000000000000000000001
1103,100000000000000000000000000000000000000000100000000000000000000000000000000010
927,100000000000000000000000000000000000000000100000000000000000000000000000000100
1081,100000000000000000000000000000000000000000100000000000000000000000000000000101
923,100000000000000000000000000000000000000000100000000000000000000000000000100000
227,100000000000000000000000000000000000000000100000010000000000000000000000000000
1181,100000000000000000000000000000000000000000100000010000000000000000000000000001
253,100000000000000000000000000000000000000000100000010000000001000000000000000000
1472,100000000000000000000000000000000000000000100000010000000001000000000000000001
260,100000000000000000000000000000000000000000100000010000000001000000000000000100
1517,100000000000000000000000000000000000000000100000010000000001000000000000000101
283,100000000000000000000000000000000000000000100000010000001000000000000000000000
2262,100000000000000000000000000000000000000000100000010000001000000000000000000001
432,100000000000000000000000000000000000000000100000010000001000000000000000001000
1726,100000000000000000000000000000000000000000100000010000001000000000000000001001
1746,100000000000000000000000000000000000000000100000010000001000000000000000001010
1612,100000000000000000000000000000000000000000100000010000001000000000101000000000
454,100000000000000000000000000000000000000000100000010000001000001000000001000000
1616,100000000000000000000000000000000000000000100000010000001000001000000001000001
490,100000000000000000000000000000000000000000100000010000001000001000000001100000
1603,100000000000000000000000000000000000000000100000010000001000001000000001100001
1461,100000000000000000000000000000000000000000100000010000001000001000000001101010
526,110000000010000000000000000000000000000000000000000000000000000000000000000000
2207,110000000010000000000000000000000000000000000000000000000000000000000000000001
1887,110000000010000000000000000000000000000000000000000000000000000000000000000010
1927,110000000010000000000000000000000000000000000000000000000000000000000000000011
1893,110000000010000000000000000000000000000000000000000000000000000000000000001100
151,1000000000000000000000000000000000000000000000000000000000010000000000000000000
951,1000000000000000000000000000000000000000000000000000000000010000000000000000001
987,1000000000000000000000000000000000000000000000000000000000010000000000000010110
910,1000000000000000000000000000000000000000000000000000000000010000000100000000000
195,1000000000000000000000000000000000000000001000000000000000000000000000000000000
1101,1000000000000000000000000000000000000000001000000000000000000000000000000000001
928,1000000000000000000000000000000000000000001000000000000000000000000000000001000
924,1000000000000000000000000000000000000000001000000000000000000000000000001000000
228,1000000000000000000000000000000000000000001000000100000000000000000000000000000
1190,1000000000000000000000000000000000000000001000000100000000000000000000000000001
254,1000000000000000000000000000000000000000001000000100000000010000000000000000000
1422,1000000000000000000000000000000000000000001000000100000000010000000000000000001
261,1000000000000000000000000000000000000000001000000100000000010000000000000001000
284,1000000000000000000000000000000000000000001000000100000010000000000000000000000
2183,1000000000000000000000000000000000000000001000000100000010000000000000000000001
1544,1000000000000000000000000000000000000000001000000100000010000000000000000000010
433,1000000000000000000000000000000000000000001000000100000010000000000000000010000
1707,1000000000000000000000000000000000000000001000000100000010000000000000000010001
1756,1000000000000000000000000000000000000000001000000100000010000000000000000010100
455,1000000000000000000000000000000000000000001000000100000010000010000000010000000
1635,1000000000000000000000000000000000000000001000000100000010000010000000010000001
491,1000000000000000000000000000000000000000001000000100000010000010000000011000000
1605,1000000000000000000000000000000000000000001000000100000010000010000000011000001
527,1100000000100000000000000000000000000000000000000000000000000000000000000000000
1945,1100000000100000000000000000000000000000000000000000000000000000000000000000010
1886,1100000000100000000000000000000000000000000000000000000000000000000000000000100
1910,1100000000100000000000000000000000000000000000000000000000000000000000000000101
2253,1100000000100000000000000000000000000000000000000000000000000000000000000000110
1902,1100000000100000000000000000000000000000000000000000000000000000000000000011000
152,10000000000000000000000000000000000000000000000000000000000100000000000000000000
969,10000000000000000000000000000000000000000000000000000000000100000000000000000001
952,10000000000000000000000000000000000000000000000000000000000100000000000000000010
911,10000000000000000000000000000000000000000000000000000000000100000001000000000000
196,10000000000000000000000000000000000000000010000000000000000000000000000000000000
929,10000000000000000000000000000000000000000010000000000000000000000000000000010000
1074,10000000000000000000000000000000000000000010000000000000000000000000000000010001
229,10000000000000000000000000000000000000000010000001000000000000000000000000000000
1224,10000000000000000000000000000000000000000010000001000000000000000000000000000001
255,10000000000000000000000000000000000000000010000001000000000100000000000000000000
1435,10000000000000000000000000000000000000000010000001000000000100000000000000000001
1372,10000000000000000000000000000000000000000010000001000000000100000000000000000010
1373,10000000000000000000000000000000000000000010000001000000000100000000000000000011
285,10000000000000000000000000000000000000000010000001000000100000000000000000000000
434,10000000000000000000000000000000000000000010000001000000100000000000000000100000
1842,10000000000000000000000000000000000000000010000001000000100000000000000000100001
1763,10000000000000000000000000000000000000000010000001000000100000000000000000100010
1779,10000000000000000000000000000000000000000010000001000000100000000000000000100011
456,10000000000000000000000000000000000000000010000001000000100000100000000100000000
1656,10000000000000000000000000000000000000000010000001000000100000100000000100000001
492,10000000000000000000000000000000000000000010000001000000100000100000000110000000
1618,10000000000000000000000000000000000000000010000001000000100000100000000110000010
720,11000000001000000000000000000000000000000000000000000000000000000000000000000000
1969,11000000001000000000000000000000000000000000000000000000000000000000000000000001
1963,11000000001000000000000000000000000000000000000000000000000000000000000000000100
599,11000000001000000000000000000000000000000000000000000000000000000000000000001000
2208,11000000001000000000000000000000000000000000000000000000000000000000000000001010
1932,11000000001000000000000000000000000000000000000000000000000000000000000000001100
153,100000000000000000000000000000000000000000000000000000000001000000000000000000000
970,100000000000000000000000000000000000000000000000000000000001000000000000000000001
912,100000000000000000000000000000000000000000000000000000000001000000010000000000000
197,100000000000000000000000000000000000000000100000000000000000000000000000000000000
1115,100000000000000000000000000000000000000000100000000000000000000000000000000000001
1070,100000000000000000000000000000000000000000100000000000000000000000000000000100010
230,100000000000000000000000000000000000000000100000010000000000000000000000000000000
1203,100000000000000000000000000000000000000000100000010000000000000000000000000000001
1274,100000000000000000000000000000000000000000100000010000000000000000000000000000010
256,100000000000000000000000000000000000000000100000010000000001000000000000000000000
1446,100000000000000000000000000000000000000000100000010000000001000000000000000000001
286,100000000000000000000000000000000000000000100000010000001000000000000000000000000
1606,100000000000000000000000000000000000000000100000010000001000000000000000000000001
435,100000000000000000000000000000000000000000100000010000001000000000000000001000000
1860,100000000000000000000000000000000000000000100000010000001000000000000000001000001
1767,100000000000000000000000000000000000000000100000010000001000000000000000001000100
1784,100000000000000000000000000000000000000000100000010000001000000000000000001000110
1815,100000000000000000000000000000000000000000100000010000001000000000000000001000111
457,100000000000000000000000000000000000000000100000010000001000001000000001000000000
1669,100000000000000000000000000000000000000000100000010000001000001000000001000000001
721,110000000010000000000000000000000000000000000000000000000000000000000000000000000
1977,110000000010000000000000000000000000000000000000000000000000000000000000000000010
1942,110000000010000000000000000000000000000000000000000000000000000000000000000010100
1960,110000000010000000000000000000000000000000000000000000000000000000000000000011000
154,1000000000000000000000000000000000000000000000000000000000010000000000000000000000
971,1000000000000000000000000000000000000000000000000000000000010000000000000000000010
913,1000000000000000000000000000000000000000000000000000000000010000000100000000000000
198,1000000000000000000000000000000000000000001000000000000000000000000000000000000000
1126,1000000000000000000000000000000000000000001000000000000000000000000000000000000010
1059,1000000000000000000000000000000000000000001000000000000000000000000000000001000100
231,1000000000000000000000000000000000000000001000000100000000000000000000000000000000
1223,1000000000000000000000000000000000000000001000000100000000000000000000000000000001
1199,1000000000000000000000000000000000000000001000000100000000000000000000000000000010
257,1000000000000000000000000000000000000000001000000100000000010000000000000000000000
1500,1000000000000000000000000000000000000000001000000100000000010000000000000000000001
1447,1000000000000000000000000000000000000000001000000100000000010000000000000000000010
287,1000000000000000000000000000000000000000001000000100000010000000000000000000000000
292,1000000000000000000000000000000000000000001000000100000010000000000000000000000001
1607,1000000000000000000000000000000000000000001000000100000010000000000000000000000010
1623,1000000000000000000000000000000000000000001000000100000010000000000000000000000011
2266,1000000000000000000000000000000000000000001000000100000010000000000000000010000010
1795,1000000000000000000000000000000000000000001000000100000010000000000000000010001100
1809,1000000000000000000000000000000000000000001000000100000010000000000000000010001101
1825,1000000000000000000000000000000000000000001000000100000010000000000000000010001110
1835,1000000000000000000000000000000000000000001000000100000010000000000000000010001111
458,1000000000000000000000000000000000000000001000000100000010000010000000010000000000
1713,1000000000000000000000000000000000000000001000000100000010000010000000010000000001
914,10000000000000000000000000000000000000000000000000000000000100000001000000000000000
1056,10000000000000000000000000000000000000000010000000000000000000000000000000010001000
232,10000000000000000000000000000000000000000010000001000000000000000000000000000000000
1227,10000000000000000000000000000000000000000010000001000000000000000000000000000000010
1196,10000000000000000000000000000000000000000010000001000000000000000000000000000000100
1197,10000000000000000000000000000000000000000010000001000000000000000000000000000000101
1460,10000000000000000000000000000000000000000010000001000000000100000000000000000000100
288,10000000000000000000000000000000000000000010000001000000100000000000000000000000000
1559,10000000000000000000000000000000000000000010000001000000100000000000000000000000001
293,10000000000000000000000000000000000000000010000001000000100000000000000000000000010
1640,10000000000000000000000000000000000000000010000001000000100000000000000000000000011
1639,10000000000000000000000000000000000000000010000001000000100000000000000000000000100
1646,10000000000000000000000000000000000000000010000001000000100000000000000000000000110
1870,10000000000000000000000000000000000000000010000001000000100000000000000000100000100
2219,10000000000000000000000000000000000000000010000001000000100000000000000000100011010
459,10000000000000000000000000000000000000000010000001000000100000100000000100000000000
1721,10000000000000000000000000000000000000000010000001000000100000100000000100000000001
1712,10000000000000000000000000000000000000000010000001000000100000100000000100000000010
1722,10000000000000000000000000000000000000000010000001000000100000100000000100000000011
233,100000000000000000000000000000000000000000100000010000000000000000000000000000000000
1230,100000000000000000000000000000000000000000100000010000000000000000000000000000000100
1198,100000000000000000000000000000000000000000100000010000000000000000000000000000001010
1204,100000000000000000000000000000000000000000100000010000000000000000000000000000001011
289,100000000000000000000000000000000000000000100000010000001000000000000000000000000000
1539,100000000000000000000000000000000000000000100000010000001000000000000000000000000001
1541,100000000000000000000000000000000000000000100000010000001000000000000000000000000010
294,100000000000000000000000000000000000000000100000010000001000000000000000000000000100
1638,100000000000000000000000000000000000000000100000010000001000000000000000000000000101
1682,100000000000000000000000000000000000000000100000010000001000000000000000000000000110
1702,100000000000000000000000000000000000000000100000010000001000000000000000000000000111
1831,100000000000000000000000000000000000000000100000010000001000000000000000001000110100
460,100000000000000000000000000000000000000000100000010000001000001000000001000000000000
470,100000000000000000000000000000000000000000100000010000001000001000000001000000000001
1692,100000000000000000000000000000000000000000100000010000001000001000000001000000000100
1693,100000000000000000000000000000000000000000100000010000001000001000000001000000000101
1723,100000000000000000000000000000000000000000100000010000001000001000000001000000000110
1724,100000000000000000000000000000000000000000100000010000001000001000000001000000000111
234,1000000000000000000000000000000000000000001000000100000000000000000000000000000000000
1330,1000000000000000000000000000000000000000001000000100000000000000000000000000000000001
1275,1000000000000000000000000000000000000000001000000100000000000000000000000000000001000
1205,1000000000000000000000000000000000000000001000000100000000000000000000000000000010110
1221,1000000000000000000000000000000000000000001000000100000000000000000000000000000010111
290,1000000000000000000000000000000000000000001000000100000010000000000000000000000000000
1568,1000000000000000000000000000000000000000001000000100000010000000000000000000000000001
1533,1000000000000000000000000000000000000000001000000100000010000000000000000000000000010
1537,1000000000000000000000000000000000000000001000000100000010000000000000000000000000011
295,1000000000000000000000000000000000000000001000000100000010000000000000000000000001000
1699,1000000000000000000000000000000000000000001000000100000010000000000000000000000001001
461,1000000000000000000000000000000000000000001000000100000010000010000000010000000000000
1814,1000000000000000000000000000000000000000001000000100000010000010000000010000000000001
471,1000000000000000000000000000000000000000001000000100000010000010000000010000000000010
1782,1000000000000000000000000000000000000000001000000100000010000010000000010000000000011
1634,1000000000000000000000000000000000000000001000000100000010000010000000010000000001000
1675,1000000000000000000000000000000000000000001000000100000010000010000000010000000001010
1715,1000000000000000000000000000000000000000001000000100000010000010000000010000000001100
1728,1000000000000000000000000000000000000000001000000100000010000010000000010000000001110
1183,10000000000000000000000000000000000000000010000001000000000000000000000000000000101100
1272,10000000000000000000000000000000000000000010000001000000000000000000000000000000101110
291,10000000000000000000000000000000000000000010000001000000100000000000000000000000000000
1622,10000000000000000000000000000000000000000010000001000000100000000000000000000000000001
1532,10000000000000000000000000000000000000000010000001000000100000000000000000000000000010
2180,10000000000000000000000000000000000000000010000001000000100000000000000000000000000110
296,10000000000000000000000000000000000000000010000001000000100000000000000000000000010000
1686,10000000000000000000000000000000000000000010000001000000100000000000000000000000010001
462,10000000000000000000000000000000000000000010000001000000100000100000000100000000000000
1830,10000000000000000000000000000000000000000010000001000000100000100000000100000000000001
472,10000000000000000000000000000000000000000010000001000000100000100000000100000000000100
480,10000000000000000000000000000000000000000010000001000000100000100000000100000000000101
1771,10000000000000000000000000000000000000000010000001000000100000100000000100000000000110
1729,10000000000000000000000000000000000000000010000001000000100000100000000100000000011100
1740,10000000000000000000000000000000000000000010000001000000100000100000000100000000011101
1608,100000000000000000000000000000000000000000100000010000001000000000000000000000000000010
1632,100000000000000000000000000000000000000000100000010000001000000000000000000000000000011
1531,100000000000000000000000000000000000000000100000010000001000000000000000000000000000100
1540,100000000000000000000000000000000000000000100000010000001000000000000000000000000001100
297,100000000000000000000000000000000000000000100000010000001000000000000000000000000100000
1696,100000000000000000000000000000000000000000100000010000001000000000000000000000000100001
1683,100000000000000000000000000000000000000000100000010000001000000000000000000000000100010
1698,100000000000000000000000000000000000000000100000010000001000000000000000000000000100011
463,100000000000000000000000000000000000000000100000010000001000001000000001000000000000000
595,100000000000000000000000000000000000000000100000010000001000001000000001000000000000010
473,100000000000000000000000000000000000000000100000010000001000001000000001000000000001000
1839,100000000000000000000000000000000000000000100000010000001000001000000001000000000001001
481,100000000000000000000000000000000000000000100000010000001000001000000001000000000001010
592,100000000000000000000000000000000000000000100000010000001000001000000001000000000001011
1761,100000000000000000000000000000000000000000100000010000001000001000000001000000000111010
1596,1000000000000000000000000000000000000000001000000100000010000000000000000000000000000100
1637,1000000000000000000000000000000000000000001000000100000010000000000000000000000000000110
1535,1000000000000000000000000000000000000000001000000100000010000000000000000000000000001000
1536,1000000000000000000000000000000000000000001000000100000010000000000000000000000000011000
298,1000000000000000000000000000000000000000001000000100000010000000000000000000000001000000
1743,1000000000000000000000000000000000000000001000000100000010000000000000000000000001000001
464,1000000000000000000000000000000000000000001000000100000010000010000000010000000000000000
597,1000000000000000000000000000000000000000001000000100000010000010000000010000000000000100
2251,1000000000000000000000000000000000000000001000000100000010000010000000010000000000000101
474,1000000000000000000000000000000000000000001000000100000010000010000000010000000000010000
600,1000000000000000000000000000000000000000001000000100000010000010000000010000000000010010
2198,1000000000000000000000000000000000000000001000000100000010000010000000010000000000010011
482,1000000000000000000000000000000000000000001000000100000010000010000000010000000000010100
1903,1000000000000000000000000000000000000000001000000100000010000010000000010000000000010101
1534,10000000000000000000000000000000000000000010000001000000100000000000000000000000000010000
1518,10000000000000000000000000000000000000000010000001000000100000000000000000000000000110000
1519,10000000000000000000000000000000000000000010000001000000100000000000000000000000000110001
299,10000000000000000000000000000000000000000010000001000000100000000000000000000000010000000
2263,10000000000000000000000000000000000000000010000001000000100000000000000000000000010000001
465,10000000000000000000000000000000000000000010000001000000100000100000000100000000000000000
475,10000000000000000000000000000000000000000010000001000000100000100000000100000000000100000
2199,10000000000000000000000000000000000000000010000001000000100000100000000100000000000100001
1884,10000000000000000000000000000000000000000010000001000000100000100000000100000000000100100
1896,10000000000000000000000000000000000000000010000001000000100000100000000100000000000100101
1931,10000000000000000000000000000000000000000010000001000000100000100000000100000000000100110
483,10000000000000000000000000000000000000000010000001000000100000100000000100000000000101000
598,10000000000000000000000000000000000000000010000001000000100000100000000100000000000101001
1545,100000000000000000000000000000000000000000100000010000001000000000000000000000000000100000
1508,100000000000000000000000000000000000000000100000010000001000000000000000000000000001100010
1509,100000000000000000000000000000000000000000100000010000001000000000000000000000000001100011
300,100000000000000000000000000000000000000000100000010000001000000000000000000000000100000000
1775,100000000000000000000000000000000000000000100000010000001000000000000000000000000100000001
466,100000000000000000000000000000000000000000100000010000001000001000000001000000000000000000
1861,100000000000000000000000000000000000000000100000010000001000001000000001000000000000000001
476,100000000000000000000000000000000000000000100000010000001000001000000001000000000001000000
1943,100000000000000000000000000000000000000000100000010000001000001000000001000000000001000010
1892,100000000000000000000000000000000000000000100000010000001000001000000001000000000001001000
1898,100000000000000000000000000000000000000000100000010000001000001000000001000000000001001010
484,100000000000000000000000000000000000000000100000010000001000001000000001000000000001010000
1813,100000000000000000000000000000000000000000100000010000001000001000000001000000000001010001
1546,1000000000000000000000000000000000000000001000000100000010000000000000000000000000001000000
1501,1000000000000000000000000000000000000000001000000100000010000000000000000000000000011000110
1505,1000000000000000000000000000000000000000001000000100000010000000000000000000000000011000111
9,1000000000000000000000000000000000000000001000000100000010000000000000000000000001000000000
301,1000000000000000000000000000000000000000001000000100000010000000000000000000000001000000001
1744,1000000000000000000000000000000000000000001000000100000010000000000000000000000001000000010
1745,1000000000000000000000000000000000000000001000000100000010000000000000000000000001000000011
467,1000000000000000000000000000000000000000001000000100000010000010000000010000000000000000000
477,1000000000000000000000000000000000000000001000000100000010000010000000010000000000010000000
2220,1000000000000000000000000000000000000000001000000100000010000010000000010000000000010000001
1801,1000000000000000000000000000000000000000001000000100000010000010000000010000000000010100000
1805,1000000000000000000000000000000000000000001000000100000010000010000000010000000000010100001
1530,10000000000000000000000000000000000000000010000001000000100000000000000000000000000010000000
576,10000000000000000000000000000000000000000010000001000000100000000000000000000000000110001100
10,10000000000000000000000000000000000000000010000001000000100000000000000000000000010000000000
1845,10000000000000000000000000000000000000000010000001000000100000000000000000000000010000000001
302,10000000000000000000000000000000000000000010000001000000100000000000000000000000010000000010
1836,10000000000000000000000000000000000000000010000001000000100000000000000000000000010000000011
468,10000000000000000000000000000000000000000010000001000000100000100000000100000000000000000000
2309,10000000000000000000000000000000000000000010000001000000100000100000000100000000000000000001
478,10000000000000000000000000000000000000000010000001000000100000100000000100000000000100000000
1792,10000000000000000000000000000000000000000010000001000000100000100000000100000000000101000000
1810,10000000000000000000000000000000000000000010000001000000100000100000000100000000000101000010
11,100000000000000000000000000000000000000000100000010000001000000000000000000000000100000000000
834,100000000000000000000000000000000000000000100000010000001000000000000000000000000100000000001
1799,100000000000000000000000000000000000000000100000010000001000000000000000000000000100000000010
1812,100000000000000000000000000000000000000000100000010000001000000000000000000000000100000000011
303,100000000000000000000000000000000000000000100000010000001000000000000000000000000100000000100
2310,100000000000000000000000000000000000000000100000010000001000000000000000000000000100000000110
469,100000000000000000000000000000000000000000100000010000001000001000000001000000000000000000000
1875,100000000000000000000000000000000000000000100000010000001000001000000001000000000000000000010
479,100000000000000000000000000000000000000000100000010000001000001000000001000000000001000000000
1921,100000000000000000000000000000000000000000100000010000001000001000000001000000000001000000001
1741,100000000000000000000000000000000000000000100000010000001000001000000001000000000001010000000
1742,100000000000000000000000000000000000000000100000010000001000001000000001000000000001010000001
1811,100000000000000000000000000000000000000000100000010000001000001000000001000000000001010000100
1833,100000000000000000000000000000000000000000100000010000001000001000000001000000000001010000101
12,1000000000000000000000000000000000000000001000000100000010000000000000000000000001000000000000
835,1000000000000000000000000000000000000000001000000100000010000000000000000000000001000000000010
2190,1000000000000000000000000000000000000000001000000100000010000000000000000000000001000000000011
304,1000000000000000000000000000000000000000001000000100000010000000000000000000000001000000001000
2312,1000000000000000000000000000000000000000001000000100000010000000000000000000000001000000001100
1948,1000000000000000000000000000000000000000001000000100000010000010000000010000000000010000000010
1959,1000000000000000000000000000000000000000001000000100000010000010000000010000000000010000000011
1730,1000000000000000000000000000000000000000001000000100000010000010000000010000000000010100000000
1733,1000000000000000000000000000000000000000001000000100000010000010000000010000000000010100000001
1718,1000000000000000000000000000000000000000001000000100000010000010000000010000000000010100000010
1806,1000000000000000000000000000000000000000001000000100000010000010000000010000000000010100001000
1843,1000000000000000000000000000000000000000001000000100000010000010000000010000000000010100001001
1867,1000000000000000000000000000000000000000001000000100000010000010000000010000000000010100001010
13,10000000000000000000000000000000000000000010000001000000100000000000000000000000010000000000000
1868,10000000000000000000000000000000000000000010000001000000100000000000000000000000010000000000001
836,10000000000000000000000000000000000000000010000001000000100000000000000000000000010000000000100
2191,10000000000000000000000000000000000000000010000001000000100000000000000000000000010000000000101
1914,10000000000000000000000000000000000000000010000001000000100000000000000000000000010000000000110
305,10000000000000000000000000000000000000000010000001000000100000000000000000000000010000000010000
1865,10000000000000000000000000000000000000000010000001000000100000000000000000000000010000000011000
2226,10000000000000000000000000000000000000000010000001000000100000100000000100000000000100000000100
1700,10000000000000000000000000000000000000000010000001000000100000100000000100000000000101000000000
1701,10000000000000000000000000000000000000000010000001000000100000100000000100000000000101000000001
1737,10000000000000000000000000000000000000000010000001000000100000100000000100000000000101000000010
1787,10000000000000000000000000000000000000000010000001000000100000100000000100000000000101000010000
1818,10000000000000000000000000000000000000000010000001000000100000100000000100000000000101000010001
594,10000000000000000000000000000000000000000010000001000000100000100000000100000000000101000010010
1912,10000000000000000000000000000000000000000010000001000000100000100000000100000000000101000010011
14,100000000000000000000000000000000000000000100000010000001000000000000000000000000100000000000000
772,100000000000000000000000000000000000000000100000010000001000000000000000000000000100000000000001
837,100000000000000000000000000000000000000000100000010000001000000000000000000000000100000000001000
1939,100000000000000000000000000000000000000000100000010000001000000000000000000000000100000000001010
306,100000000000000000000000000000000000000000100000010000001000000000000000000000000100000000100000
2311,100000000000000000000000000000000000000000100000010000001000000000000000000000000100000000100001
1954,100000000000000000000000000000000000000000100000010000001000001000000001000000000001000000001000
1660,100000000000000000000000000000000000000000100000010000001000001000000001000000000001010000000000
1661,100000000000000000000000000000000000000000100000010000001000001000000001000000000001010000000001
1657,100000000000000000000000000000000000000000100000010000001000001000000001000000000001010000000010
1778,100000000000000000000000000000000000000000100000010000001000001000000001000000000001010000100000
1790,100000000000000000000000000000000000000000100000010000001000001000000001000000000001010000100001
1837,100000000000000000000000000000000000000000100000010000001000001000000001000000000001010000100010
15,1000000000000000000000000000000000000000001000000100000010000000000000000000000001000000000000000
1904,1000000000000000000000000000000000000000001000000100000010000000000000000000000001000000000000001
773,1000000000000000000000000000000000000000001000000100000010000000000000000000000001000000000000010
2192,1000000000000000000000000000000000000000001000000100000010000000000000000000000001000000000000011
838,1000000000000000000000000000000000000000001000000100000010000000000000000000000001000000000010000
307,1000000000000000000000000000000000000000001000000100000010000000000000000000000001000000001000000
1827,1000000000000000000000000000000000000000001000000100000010000000000000000000000001000000001000001
1863,1000000000000000000000000000000000000000001000000100000010000000000000000000000001000000001000010
2225,1000000000000000000000000000000000000000001000000100000010000010000000010000000000010000000010000
1647,1000000000000000000000000000000000000000001000000100000010000010000000010000000000010100000000000
1651,1000000000000000000000000000000000000000001000000100000010000010000000010000000000010100000000001
1636,1000000000000000000000000000000000000000001000000100000010000010000000010000000000010100000000010
1768,1000000000000000000000000000000000000000001000000100000010000010000000010000000000010100001000000
1773,1000000000000000000000000000000000000000001000000100000010000010000000010000000000010100001000001
1817,1000000000000000000000000000000000000000001000000100000010000010000000010000000000010100001000010
16,10000000000000000000000000000000000000000010000001000000100000000000000000000000010000000000000000
607,10000000000000000000000000000000000000000010000001000000100000000000000000000000010000000000000001
774,10000000000000000000000000000000000000000010000001000000100000000000000000000000010000000000000100
1979,10000000000000000000000000000000000000000010000001000000100000000000000000000000010000000000000110
308,10000000000000000000000000000000000000000010000001000000100000000000000000000000010000000010000000
1834,10000000000000000000000000000000000000000010000001000000100000000000000000000000010000000010000001
1958,10000000000000000000000000000000000000000010000001000000100000100000000100000000000100000000100000
1615,10000000000000000000000000000000000000000010000001000000100000100000000100000000000101000000000000
1649,10000000000000000000000000000000000000000010000001000000100000100000000100000000000101000000000010
1650,10000000000000000000000000000000000000000010000001000000100000100000000100000000000101000000000011
1750,10000000000000000000000000000000000000000010000001000000100000100000000100000000000101000010000000
1769,10000000000000000000000000000000000000000010000001000000100000100000000100000000000101000010000010
17,100000000000000000000000000000000000000000100000010000001000000000000000000000000100000000000000000
596,100000000000000000000000000000000000000000100000010000001000000000000000000000000100000000000000001
2194,100000000000000000000000000000000000000000100000010000001000000000000000000000000100000000000000010
2195,100000000000000000000000000000000000000000100000010000001000000000000000000000000100000000000000011
775,100000000000000000000000000000000000000000100000010000001000000000000000000000000100000000000001000
1989,100000000000000000000000000000000000000000100000010000001000000000000000000000000100000000000001001
309,100000000000000000000000000000000000000000100000010000001000000000000000000000000100000000100000000
821,100000000000000000000000000000000000000000100000010000001000000000000000000000000100000000100000001
1655,100000000000000000000000000000000000000000100000010000001000001000000001000000000001010000000000100
1695,100000000000000000000000000000000000000000100000010000001000001000000001000000000001010000000000101
18,1000000000000000000000000000000000000000001000000100000010000000000000000000000001000000000000000000
1852,1000000000000000000000000000000000000000001000000100000010000000000000000000000001000000000000000010
1936,1000000000000000000000000000000000000000001000000100000010000000000000000000000001000000000000000100
1917,1000000000000000000000000000000000000000001000000100000010000000000000000000000001000000000000000110
776,1000000000000000000000000000000000000000001000000100000010000000000000000000000001000000000000010000
1967,1000000000000000000000000000000000000000001000000100000010000000000000000000000001000000000000010001
310,1000000000000000000000000000000000000000001000000100000010000000000000000000000001000000001000000000
1676,1000000000000000000000000000000000000000001000000100000010000010000000010000000000010100000000001000
1679,1000000000000000000000000000000000000000001000000100000010000010000000010000000000010100000000001001
1706,1000000000000000000000000000000000000000001000000100000010000010000000010000000000010100000000001010
19,10000000000000000000000000000000000000000010000001000000100000000000000000000000010000000000000000000
2264,10000000000000000000000000000000000000000010000001000000100000000000000000000000010000000000000000001
777,10000000000000000000000000000000000000000010000001000000100000000000000000000000010000000000000100000
1996,10000000000000000000000000000000000000000010000001000000100000000000000000000000010000000000000100001
311,10000000000000000000000000000000000000000010000001000000100000000000000000000000010000000010000000000
1680,10000000000000000000000000000000000000000010000001000000100000100000000100000000000101000000000010000
2249,10000000000000000000000000000000000000000010000001000000100000100000000100000000000101000000000010010
20,100000000000000000000000000000000000000000100000010000001000000000000000000000000100000000000000000000
1894,100000000000000000000000000000000000000000100000010000001000000000000000000000000100000000000000000001
312,100000000000000000000000000000000000000000100000010000001000000000000000000000000100000000100000000000
1883,100000000000000000000000000000000000000000100000010000001000000000000000000000000100000000100000000001
1681,100000000000000000000000000000000000000000100000010000001000001000000001000000000001010000000000100000
1738,100000000000000000000000000000000000000000100000010000001000001000000001000000000001010000000000100100
21,1000000000000000000000000000000000000000001000000100000010000000000000000000000001000000000000000000000
2193,1000000000000000000000000000000000000000001000000100000010000000000000000000000001000000000000000000001
313,1000000000000000000000000000000000000000001000000100000010000000000000000000000001000000001000000000000
1687,1000000000000000000000000000000000000000001000000100000010000010000000010000000000010100000000001000000
22,10000000000000000000000000000000000000000010000001000000100000000000000000000000010000000000000000000000
314,10000000000000000000000000000000000000000010000001000000100000000000000000000000010000000010000000000000
23,100000000000000000000000000000000000000000100000010000001000000000000000000000000100000000000000000000000
1947,100000000000000000000000000000000000000000100000010000001000000000000000000000000100000000000000000000001
315,100000000000000000000000000000000000000000100000010000001000000000000000000000000100000000100000000000000
24,1000000000000000000000000000000000000000001000000100000010000000000000000000000001000000000000000000000000
2210,1000000000000000000000000000000000000000001000000100000010000000000000000000000001000000000000000000000001
1961,1000000000000000000000000000000000000000001000000100000010000000000000000000000001000000000000000000000010
316,1000000000000000000000000000000000000000001000000100000010000000000000000000000001000000001000000000000000
603,1000000000000000000000000000000000000000001000000100000010000000000000000000000001000000001000000000000001
25,10000000000000000000000000000000000000000010000001000000100000000000000000000000010000000000000000000000000
1968,10000000000000000000000000000000000000000010000001000000100000000000000000000000010000000000000000000000001
1925,10000000000000000000000000000000000000000010000001000000100000000000000000000000010000000000000000000000010
1964,10000000000000000000000000000000000000000010000001000000100000000000000000000000010000000000000000000000011
317,10000000000000000000000000000000000000000010000001000000100000000000000000000000010000000010000000000000000
822,10000000000000000000000000000000000000000010000001000000100000000000000000000000010000000010000000000000001
26,100000000000000000000000000000000000000000100000010000001000000000000000000000000100000000000000000000000000
2211,100000000000000000000000000000000000000000100000010000001000000000000000000000000100000000000000000000000001
1924,100000000000000000000000000000000000000000100000010000001000000000000000000000000100000000000000000000000100
1929,100000000000000000000000000000000000000000100000010000001000000000000000000000000100000000000000000000000101
318,100000000000000000000000000000000000000000100000010000001000000000000000000000000100000000100000000000000000
825,100000000000000000000000000000000000000000100000010000001000000000000000000000000100000000100000000000000001
823,100000000000000000000000000000000000000000100000010000001000000000000000000000000100000000100000000000000010
1856,100000000000000000000000000000000000000000100000010000001000000000000000000000000100000000100000000000000011
27,1000000000000000000000000000000000000000001000000100000010000000000000000000000001000000000000000000000000000
2000,1000000000000000000000000000000000000000001000000100000010000000000000000000000001000000000000000000000000001
2267,1000000000000000000000000000000000000000001000000100000010000000000000000000000001000000000000000000000001000
1933,1000000000000000000000000000000000000000001000000100000010000000000000000000000001000000000000000000000001010
1978,1000000000000000000000000000000000000000001000000100000010000000000000000000000001000000000000000000000001011
319,1000000000000000000000000000000000000000001000000100000010000000000000000000000001000000001000000000000000000
1783,1000000000000000000000000000000000000000001000000100000010000000000000000000000001000000001000000000000000001
824,1000000000000000000000000000000000000000001000000100000010000000000000000000000001000000001000000000000000100
1890,1000000000000000000000000000000000000000001000000100000010000000000000000000000001000000001000000000000000101
28,10000000000000000000000000000000000000000010000001000000100000000000000000000000010000000000000000000000000000
2018,10000000000000000000000000000000000000000010000001000000100000000000000000000000010000000000000000000000000001
2265,10000000000000000000000000000000000000000010000001000000100000000000000000000000010000000000000000000000010000
1974,10000000000000000000000000000000000000000010000001000000100000000000000000000000010000000000000000000000010100
2222,10000000000000000000000000000000000000000010000001000000100000000000000000000000010000000000000000000000010101
0,10000000000000000000000000000000000000000010000001000000100000000000000000000000010000000010000000000000000000
826,10000000000000000000000000000000000000000010000001000000100000000000000000000000010000000010000000000000000001
29,100000000000000000000000000000000000000000100000010000001000000000000000000000000100000000000000000000000000000
367,100000000000000000000000000000000000000000100000010000001000000000000000000000000100000000000000000000000000001
1998,100000000000000000000000000000000000000000100000010000001000000000000000000000000100000000000000000000000000010
1891,100000000000000000000000000000000000000000100000010000001000000000000000000000000100000000000000000000000100000
1988,100000000000000000000000000000000000000000100000010000001000000000000000000000000100000000000000000000000101000
1990,100000000000000000000000000000000000000000100000010000001000000000000000000000000100000000000000000000000101001
2221,100000000000000000000000000000000000000000100000010000001000000000000000000000000100000000000000000000000101010
1,100000000000000000000000000000000000000000100000010000001000000000000000000000000100000000100000000000000000000
1828,100000000000000000000000000000000000000000100000010000001000000000000000000000000100000000100000000000000000001
827,100000000000000000000000000000000000000000100000010000001000000000000000000000000100000000100000000000000000010
1766,100000000000000000000000000000000000000000100000010000001000000000000000000000000100000000100000000000000000011
30,1000000000000000000000000000000000000000001000000100000010000000000000000000000001000000000000000000000000000000
368,1000000000000000000000000000000000000000001000000100000010000000000000000000000001000000000000000000000000000010
2040,1000000000000000000000000000000000000000001000000100000010000000000000000000000001000000000000000000000000000011
1992,1000000000000000000000000000000000000000001000000100000010000000000000000000000001000000000000000000000000000100
2017,1000000000000000000000000000000000000000001000000100000010000000000000000000000001000000000000000000000001010010
2020,1000000000000000000000000000000000000000001000000100000010000000000000000000000001000000000000000000000001010011
1908,1000000000000000000000000000000000000000001000000100000010000000000000000000000001000000000000000000000001010100
1911,1000000000000000000000000000000000000000001000000100000010000000000000000000000001000000000000000000000001010101
2,1000000000000000000000000000000000000000001000000100000010000000000000000000000001000000001000000000000000000000
830,1000000000000000000000000000000000000000001000000100000010000000000000000000000001000000001000000000000000000001
828,1000000000000000000000000000000000000000001000000100000010000000000000000000000001000000001000000000000000000100
1739,1000000000000000000000000000000000000000001000000100000010000000000000000000000001000000001000000000000000000101
1751,1000000000000000000000000000000000000000001000000100000010000000000000000000000001000000001000000000000000000110
1752,1000000000000000000000000000000000000000001000000100000010000000000000000000000001000000001000000000000000000111
31,10000000000000000000000000000000000000000010000001000000100000000000000000000000010000000000000000000000000000000
2071,10000000000000000000000000000000000000000010000001000000100000000000000000000000010000000000000000000000000000001
369,10000000000000000000000000000000000000000010000001000000100000000000000000000000010000000000000000000000000000100
2070,10000000000000000000000000000000000000000010000001000000100000000000000000000000010000000000000000000000000000101
1906,10000000000000000000000000000000000000000010000001000000100000000000000000000000010000000000000000000000010101000
2197,10000000000000000000000000000000000000000010000001000000100000000000000000000000010000000000000000000000010101001
1913,10000000000000000000000000000000000000000010000001000000100000000000000000000000010000000000000000000000010101010
2196,10000000000000000000000000000000000000000010000001000000100000000000000000000000010000000000000000000000010101011
3,10000000000000000000000000000000000000000010000001000000100000000000000000000000010000000010000000000000000000000
1838,10000000000000000000000000000000000000000010000001000000100000000000000000000000010000000010000000000000000000001
831,10000000000000000000000000000000000000000010000001000000100000000000000000000000010000000010000000000000000000010
1748,10000000000000000000000000000000000000000010000001000000100000000000000000000000010000000010000000000000000000011
829,10000000000000000000000000000000000000000010000001000000100000000000000000000000010000000010000000000000000001000
1659,10000000000000000000000000000000000000000010000001000000100000000000000000000000010000000010000000000000000001001
32,100000000000000000000000000000000000000000100000010000001000000000000000000000000100000000000000000000000000000000
2048,100000000000000000000000000000000000000000100000010000001000000000000000000000000100000000000000000000000000000001
370,100000000000000000000000000000000000000000100000010000001000000000000000000000000100000000000000000000000000001000
2061,100000000000000000000000000000000000000000100000010000001000000000000000000000000100000000000000000000000000001001
1919,100000000000000000000000000000000000000000100000010000001000000000000000000000000100000000000000000000000101010010
1937,100000000000000000000000000000000000000000100000010000001000000000000000000000000100000000000000000000000101010100
1934,100000000000000000000000000000000000000000100000010000001000000000000000000000000100000000000000000000000101010110
4,100000000000000000000000000000000000000000100000010000001000000000000000000000000100000000100000000000000000000000
1847,100000000000000000000000000000000000000000100000010000001000000000000000000000000100000000100000000000000000000001
832,100000000000000000000000000000000000000000100000010000001000000000000000000000000100000000100000000000000000000100
1734,100000000000000000000000000000000000000000100000010000001000000000000000000000000100000000100000000000000000000101
33,1000000000000000000000000000000000000000001000000100000010000000000000000000000001000000000000000000000000000000000
2049,1000000000000000000000000000000000000000001000000100000010000000000000000000000001000000000000000000000000000000010
371,1000000000000000000000000000000000000000001000000100000010000000000000000000000001000000000000000000000000000010000
2063,1000000000000000000000000000000000000000001000000100000010000000000000000000000001000000000000000000000000000010001
2223,1000000000000000000000000000000000000000001000000100000010000000000000000000000001000000000000000000000001010101100
5,1000000000000000000000000000000000000000001000000100000010000000000000000000000001000000001000000000000000000000000
1862,1000000000000000000000000000000000000000001000000100000010000000000000000000000001000000001000000000000000000000001
833,1000000000000000000000000000000000000000001000000100000010000000000000000000000001000000001000000000000000000001000
1685,1000000000000000000000000000000000000000001000000100000010000000000000000000000001000000001000000000000000000001001
34,10000000000000000000000000000000000000000010000001000000100000000000000000000000010000000000000000000000000000000000
2055,10000000000000000000000000000000000000000010000001000000100000000000000000000000010000000000000000000000000000000001
372,10000000000000000000000000000000000000000010000001000000100000000000000000000000010000000000000000000000000000100000
2088,10000000000000000000000000000000000000000010000001000000100000000000000000000000010000000000000000000000000000100001
1951,10000000000000000000000000000000000000000010000001000000100000000000000000000000010000000000000000000000010101011000
6,10000000000000000000000000000000000000000010000001000000100000000000000000000000010000000010000000000000000000000000
1794,10000000000000000000000000000000000000000010000001000000100000000000000000000000010000000010000000000000000000000001
1672,10000000000000000000000000000000000000000010000001000000100000000000000000000000010000000010000000000000000000010010
1678,10000000000000000000000000000000000000000010000001000000100000000000000000000000010000000010000000000000000000010011
35,100000000000000000000000000000000000000000100000010000001000000000000000000000000100000000000000000000000000000000000
2080,100000000000000000000000000000000000000000100000010000001000000000000000000000000100000000000000000000000000000000001
2027,100000000000000000000000000000000000000000100000010000001000000000000000000000000100000000000000000000000000000000010
373,100000000000000000000000000000000000000000100000010000001000000000000000000000000100000000000000000000000000001000000
7,100000000000000000000000000000000000000000100000010000001000000000000000000000000100000000100000000000000000000000000
1793,100000000000000000000000000000000000000000100000010000001000000000000000000000000100000000100000000000000000000000010
1677,100000000000000000000000000000000000000000100000010000001000000000000000000000000100000000100000000000000000000100110
36,1000000000000000000000000000000000000000001000000100000010000000000000000000000001000000000000000000000000000000000000
361,1000000000000000000000000000000000000000001000000100000010000000000000000000000001000000000000000000000000000000000001
2084,1000000000000000000000000000000000000000001000000100000010000000000000000000000001000000000000000000000000000000000010
374,1000000000000000000000000000000000000000001000000100000010000000000000000000000001000000000000000000000000000010000000
8,1000000000000000000000000000000000000000001000000100000010000000000000000000000001000000001000000000000000000000000000
1897,1000000000000000000000000000000000000000001000000100000010000000000000000000000001000000001000000000000000000000000001
37,10000000000000000000000000000000000000000010000001000000100000000000000000000000010000000000000000000000000000000000000
839,10000000000000000000000000000000000000000010000001000000100000000000000000000000010000000000000000000000000000000000001
362,10000000000000000000000000000000000000000010000001000000100000000000000000000000010000000000000000000000000000000000010
624,10000000000000000000000000000000000000000010000001000000100000000000000000000000010000000000000000000000000000000000011
375,10000000000000000000000000000000000000000010000001000000100000000000000000000000010000000000000000000000000000100000000
619,10000000000000000000000000000000000000000010000001000000100000000000000000000000010000000000000000000000000000100000001
38,100000000000000000000000000000000000000000100000010000001000000000000000000000000100000000000000000000000000000000000000
848,100000000000000000000000000000000000000000100000010000001000000000000000000000000100000000000000000000000000000000000001
840,100000000000000000000000000000000000000000100000010000001000000000000000000000000100000000000000000000000000000000000010
2056,100000000000000000000000000000000000000000100000010000001000000000000000000000000100000000000000000000000000000000000011
363,100000000000000000000000000000000000000000100000010000001000000000000000000000000100000000000000000000000000000000000100
376,100000000000000000000000000000000000000000100000010000001000000000000000000000000100000000000000000000000000001000000000
409,100000000000000000000000000000000000000000100000010000001000000000000000000000000100000000000000000000000000001000000001
39,1000000000000000000000000000000000000000001000000100000010000000000000000000000001000000000000000000000000000000000000000
356,1000000000000000000000000000000000000000001000000100000010000000000000000000000001000000000000000000000000000000000000001
849,1000000000000000000000000000000000000000001000000100000010000000000000000000000001000000000000000000000000000000000000010
841,1000000000000000000000000000000000000000001000000100000010000000000000000000000001000000000000000000000000000000000000100
364,1000000000000000000000000000000000000000001000000100000010000000000000000000000001000000000000000000000000000000000001000
377,1000000000000000000000000000000000000000001000000100000010000000000000000000000001000000000000000000000000000010000000000
615,1000000000000000000000000000000000000000001000000100000010000000000000000000000001000000000000000000000000000010000000001
410,1000000000000000000000000000000000000000001000000100000010000000000000000000000001000000000000000000000000000010000000010
2082,1000000000000000000000000000000000000000001000000100000010000000000000000000000001000000000000000000000000000010000000011
40,10000000000000000000000000000000000000000010000001000000100000000000000000000000010000000000000000000000000000000000000000
357,10000000000000000000000000000000000000000010000001000000100000000000000000000000010000000000000000000000000000000000000010
850,10000000000000000000000000000000000000000010000001000000100000000000000000000000010000000000000000000000000000000000000100
842,10000000000000000000000000000000000000000010000001000000100000000000000000000000010000000000000000000000000000000000001000
365,10000000000000000000000000000000000000000010000001000000100000000000000000000000010000000000000000000000000000000000010000
2102,10000000000000000000000000000000000000000010000001000000100000000000000000000000010000000000000000000000000000000000010001
378,10000000000000000000000000000000000000000010000001000000100000000000000000000000010000000000000000000000000000100000000000
387,10000000000000000000000000000000000000000010000001000000100000000000000000000000010000000000000000000000000000100000000001
616,10000000000000000000000000000000000000000010000001000000100000000000000000000000010000000000000000000000000000100000000010
411,10000000000000000000000000000000000000000010000001000000100000000000000000000000010000000000000000000000000000100000000100
41,100000000000000000000000000000000000000000100000010000001000000000000000000000000100000000000000000000000000000000000000000
358,100000000000000000000000000000000000000000100000010000001000000000000000000000000100000000000000000000000000000000000000100
843,100000000000000000000000000000000000000000100000010000001000000000000000000000000100000000000000000000000000000000000010000
2044,100000000000000000000000000000000000000000100000010000001000000000000000000000000100000000000000000000000000000000000010001
366,100000000000000000000000000000000000000000100000010000001000000000000000000000000100000000000000000000000000000000000100000
2105,100000000000000000000000000000000000000000100000010000001000000000000000000000000100000000000000000000000000000000000100001
379,100000000000000000000000000000000000000000100000010000001000000000000000000000000100000000000000000000000000001000000000000
2091,100000000000000000000000000000000000000000100000010000001000000000000000000000000100000000000000000000000000001000000000001
388,100000000000000000000000000000000000000000100000010000001000000000000000000000000100000000000000000000000000001000000000010
626,100000000000000000000000000000000000000000100000010000001000000000000000000000000100000000000000000000000000001000000000011
412,100000000000000000000000000000000000000000100000010000001000000000000000000000000100000000000000000000000000001000000001000
2076,100000000000000000000000000000000000000000100000010000001000000000000000000000000100000000000000000000000000001000000001001
42,1000000000000000000000000000000000000000001000000100000010000000000000000000000001000000000000000000000000000000000000000000
851,1000000000000000000000000000000000000000001000000100000010000000000000000000000001000000000000000000000000000000000000000001
359,1000000000000000000000000000000000000000001000000100000010000000000000000000000001000000000000000000000000000000000000001000
2092,1000000000000000000000000000000000000000001000000100000010000000000000000000000001000000000000000000000000000000000000001001
844,1000000000000000000000000000000000000000001000000100000010000000000000000000000001000000000000000000000000000000000000100000
2306,1000000000000000000000000000000000000000001000000100000010000000000000000000000001000000000000000000000000000000000000100010
380,1000000000000000000000000000000000000000001000000100000010000000000000000000000001000000000000000000000000000010000000000000
389,1000000000000000000000000000000000000000001000000100000010000000000000000000000001000000000000000000000000000010000000000100
2097,1000000000000000000000000000000000000000001000000100000010000000000000000000000001000000000000000000000000000010000000000110
413,1000000000000000000000000000000000000000001000000100000010000000000000000000000001000000000000000000000000000010000000010000
2078,1000000000000000000000000000000000000000001000000100000010000000000000000000000001000000000000000000000000000010000000010001
2064,1000000000000000000000000000000000000000001000000100000010000000000000000000000001000000000000000000000000000010000000010010
43,10000000000000000000000000000000000000000010000001000000100000000000000000000000010000000000000000000000000000000000000000000
2062,10000000000000000000000000000000000000000010000001000000100000000000000000000000010000000000000000000000000000000000000000001
360,10000000000000000000000000000000000000000010000001000000100000000000000000000000010000000000000000000000000000000000000010000
2101,10000000000000000000000000000000000000000010000001000000100000000000000000000000010000000000000000000000000000000000000010010
845,10000000000000000000000000000000000000000010000001000000100000000000000000000000010000000000000000000000000000000000001000000
2305,10000000000000000000000000000000000000000010000001000000100000000000000000000000010000000000000000000000000000000000001000100
381,10000000000000000000000000000000000000000010000001000000100000000000000000000000010000000000000000000000000000100000000000000
2100,10000000000000000000000000000000000000000010000001000000100000000000000000000000010000000000000000000000000000100000000000001
818,10000000000000000000000000000000000000000010000001000000100000000000000000000000010000000000000000000000000000100000000001000
2268,10000000000000000000000000000000000000000010000001000000100000000000000000000000010000000000000000000000000000100000000001001
2098,10000000000000000000000000000000000000000010000001000000100000000000000000000000010000000000000000000000000000100000000001100
414,10000000000000000000000000000000000000000010000001000000100000000000000000000000010000000000000000000000000000100000000100000
2224,10000000000000000000000000000000000000000010000001000000100000000000000000000000010000000000000000000000000000100000000100010
2060,10000000000000000000000000000000000000000010000001000000100000000000000000000000010000000000000000000000000000100000000100100
44,100000000000000000000000000000000000000000100000010000001000000000000000000000000100000000000000000000000000000000000000000000
610,100000000000000000000000000000000000000000100000010000001000000000000000000000000100000000000000000000000000000000000000000001
2050,100000000000000000000000000000000000000000100000010000001000000000000000000000000100000000000000000000000000000000000000000010
2115,100000000000000000000000000000000000000000100000010000001000000000000000000000000100000000000000000000000000000000000000100100
846,100000000000000000000000000000000000000000100000010000001000000000000000000000000100000000000000000000000000000000000010000000
2307,100000000000000000000000000000000000000000100000010000001000000000000000000000000100000000000000000000000000000000000010000001
2037,100000000000000000000000000000000000000000100000010000001000000000000000000000000100000000000000000000000000000000000010001000
382,100000000000000000000000000000000000000000100000010000001000000000000000000000000100000000000000000000000000001000000000000000
2107,100000000000000000000000000000000000000000100000010000001000000000000000000000000100000000000000000000000000001000000000000001
2096,100000000000000000000000000000000000000000100000010000001000000000000000000000000100000000000000000000000000001000000000000010
390,100000000000000000000000000000000000000000100000010000001000000000000000000000000100000000000000000000000000001000000000010010
2103,100000000000000000000000000000000000000000100000010000001000000000000000000000000100000000000000000000000000001000000000011000
415,100000000000000000000000000000000000000000100000010000001000000000000000000000000100000000000000000000000000001000000001000000
2057,100000000000000000000000000000000000000000100000010000001000000000000000000000000100000000000000000000000000001000000001000001
2087,100000000000000000000000000000000000000000100000010000001000000000000000000000000100000000000000000000000000001000000001000100
2053,100000000000000000000000000000000000000000100000010000001000000000000000000000000100000000000000000000000000001000000001001000
45,1000000000000000000000000000000000000000001000000100000010000000000000000000000001000000000000000000000000000000000000000000000
2069,1000000000000000000000000000000000000000001000000100000010000000000000000000000001000000000000000000000000000000000000000000001
847,1000000000000000000000000000000000000000001000000100000010000000000000000000000001000000000000000000000000000000000000100000000
2308,1000000000000000000000000000000000000000001000000100000010000000000000000000000001000000000000000000000000000000000000100000010
2015,1000000000000000000000000000000000000000001000000100000010000000000000000000000001000000000000000000000000000000000000100010000
383,1000000000000000000000000000000000000000001000000100000010000000000000000000000001000000000000000000000000000010000000000000000
2122,1000000000000000000000000000000000000000001000000100000010000000000000000000000001000000000000000000000000000010000000000000001
2095,1000000000000000000000000000000000000000001000000100000010000000000000000000000001000000000000000000000000000010000000000000010
391,1000000000000000000000000000000000000000001000000100000010000000000000000000000001000000000000000000000000000010000000000100100
416,1000000000000000000000000000000000000000001000000100000010000000000000000000000001000000000000000000000000000010000000010000000
2073,1000000000000000000000000000000000000000001000000100000010000000000000000000000001000000000000000000000000000010000000010000001
2038,1000000000000000000000000000000000000000001000000100000010000000000000000000000001000000000000000000000000000010000000010000010
2086,1000000000000000000000000000000000000000001000000100000010000000000000000000000001000000000000000000000000000010000000010001000
46,10000000000000000000000000000000000000000010000001000000100000000000000000000000010000000000000000000000000000000000000000000000
2022,10000000000000000000000000000000000000000010000001000000100000000000000000000000010000000000000000000000000000000000001000000100
384,10000000000000000000000000000000000000000010000001000000100000000000000000000000010000000000000000000000000000100000000000000000
2110,10000000000000000000000000000000000000000010000001000000100000000000000000000000010000000000000000000000000000100000000000000001
2118,10000000000000000000000000000000000000000010000001000000100000000000000000000000010000000000000000000000000000100000000001001000
2313,10000000000000000000000000000000000000000010000001000000100000000000000000000000010000000000000000000000000000100000000001001001
417,10000000000000000000000000000000000000000010000001000000100000000000000000000000010000000000000000000000000000100000000100000000
808,10000000000000000000000000000000000000000010000001000000100000000000000000000000010000000000000000000000000000100000000100000001
2029,10000000000000000000000000000000000000000010000001000000100000000000000000000000010000000000000000000000000000100000000100000100
47,100000000000000000000000000000000000000000100000010000001000000000000000000000000100000000000000000000000000000000000000000000000
330,100000000000000000000000000000000000000000100000010000001000000000000000000000000100000000000000000000000000000000000000000000001
2009,100000000000000000000000000000000000000000100000010000001000000000000000000000000100000000000000000000000000000000000010000001000
385,100000000000000000000000000000000000000000100000010000001000000000000000000000000100000000000000000000000000001000000000000000000
940,100000000000000000000000000000000000000000100000010000001000000000000000000000000100000000000000000000000000001000000000000000001
2111,100000000000000000000000000000000000000000100000010000001000000000000000000000000100000000000000000000000000001000000000000000010
2125,100000000000000000000000000000000000000000100000010000001000000000000000000000000100000000000000000000000000001000000000010010000
392,100000000000000000000000000000000000000000100000010000001000000000000000000000000100000000000000000000000000001000000000010010010
819,100000000000000000000000000000000000000000100000010000001000000000000000000000000100000000000000000000000000001000000000010010011
418,100000000000000000000000000000000000000000100000010000001000000000000000000000000100000000000000000000000000001000000001000000000
2047,100000000000000000000000000000000000000000100000010000001000000000000000000000000100000000000000000000000000001000000001000000001
809,100000000000000000000000000000000000000000100000010000001000000000000000000000000100000000000000000000000000001000000001000000010
2024,100000000000000000000000000000000000000000100000010000001000000000000000000000000100000000000000000000000000001000000001000000011
2028,100000000000000000000000000000000000000000100000010000001000000000000000000000000100000000000000000000000000001000000001000001000
48,1000000000000000000000000000000000000000001000000100000010000000000000000000000001000000000000000000000000000000000000000000000000
331,1000000000000000000000000000000000000000001000000100000010000000000000000000000001000000000000000000000000000000000000000000000010
386,1000000000000000000000000000000000000000001000000100000010000000000000000000000001000000000000000000000000000010000000000000000000
2123,1000000000000000000000000000000000000000001000000100000010000000000000000000000001000000000000000000000000000010000000000000000001
941,1000000000000000000000000000000000000000001000000100000010000000000000000000000001000000000000000000000000000010000000000000000010
2131,1000000000000000000000000000000000000000001000000100000010000000000000000000000001000000000000000000000000000010000000000000000011
2127,1000000000000000000000000000000000000000001000000100000010000000000000000000000001000000000000000000000000000010000000000000000100
393,1000000000000000000000000000000000000000001000000100000010000000000000000000000001000000000000000000000000000010000000000100100100
946,1000000000000000000000000000000000000000001000000100000010000000000000000000000001000000000000000000000000000010000000000100100101
820,1000000000000000000000000000000000000000001000000100000010000000000000000000000001000000000000000000000000000010000000000100100110
419,1000000000000000000000000000000000000000001000000100000010000000000000000000000001000000000000000000000000000010000000010000000000
2077,1000000000000000000000000000000000000000001000000100000010000000000000000000000001000000000000000000000000000010000000010000000001
2030,1000000000000000000000000000000000000000001000000100000010000000000000000000000001000000000000000000000000000010000000010000000010
2032,1000000000000000000000000000000000000000001000000100000010000000000000000000000001000000000000000000000000000010000000010000000011
810,1000000000000000000000000000000000000000001000000100000010000000000000000000000001000000000000000000000000000010000000010000000100
1986,1000000000000000000000000000000000000000001000000100000010000000000000000000000001000000000000000000000000000010000000010000000101
2007,1000000000000000000000000000000000000000001000000100000010000000000000000000000001000000000000000000000000000010000000010000000110
2008,1000000000000000000000000000000000000000001000000100000010000000000000000000000001000000000000000000000000000010000000010000000111
49,10000000000000000000000000000000000000000010000001000000100000000000000000000000010000000000000000000000000000000000000000000000000
852,10000000000000000000000000000000000000000010000001000000100000000000000000000000010000000000000000000000000000000000000000000000001
332,10000000000000000000000000000000000000000010000001000000100000000000000000000000010000000000000000000000000000000000000000000000100
890,10000000000000000000000000000000000000000010000001000000100000000000000000000000010000000000000000000000000000000000000000000000101
942,10000000000000000000000000000000000000000010000001000000100000000000000000000000010000000000000000000000000000100000000000000000100
2138,10000000000000000000000000000000000000000010000001000000100000000000000000000000010000000000000000000000000000100000000000000000101
2130,10000000000000000000000000000000000000000010000001000000100000000000000000000000010000000000000000000000000000100000000000000000110
394,10000000000000000000000000000000000000000010000001000000100000000000000000000000010000000000000000000000000000100000000001001001000
778,10000000000000000000000000000000000000000010000001000000100000000000000000000000010000000000000000000000000000100000000001001001001
947,10000000000000000000000000000000000000000010000001000000100000000000000000000000010000000000000000000000000000100000000001001001010
420,10000000000000000000000000000000000000000010000001000000100000000000000000000000010000000000000000000000000000100000000100000000000
811,10000000000000000000000000000000000000000010000001000000100000000000000000000000010000000000000000000000000000100000000100000000001
2010,10000000000000000000000000000000000000000010000001000000100000000000000000000000010000000000000000000000000000100000000100000000100
1994,10000000000000000000000000000000000000000010000001000000100000000000000000000000010000000000000000000000000000100000000100000001100
1995,10000000000000000000000000000000000000000010000001000000100000000000000000000000010000000000000000000000000000100000000100000001101
2011,10000000000000000000000000000000000000000010000001000000100000000000000000000000010000000000000000000000000000100000000100000001110
50,100000000000000000000000000000000000000000100000010000001000000000000000000000000100000000000000000000000000000000000000000000000000
2075,100000000000000000000000000000000000000000100000010000001000000000000000000000000100000000000000000000000000000000000000000000000001
853,100000000000000000000000000000000000000000100000010000001000000000000000000000000100000000000000000000000000000000000000000000000010
333,100000000000000000000000000000000000000000100000010000001000000000000000000000000100000000000000000000000000000000000000000000001000
891,100000000000000000000000000000000000000000100000010000001000000000000000000000000100000000000000000000000000000000000000000000001010
943,100000000000000000000000000000000000000000100000010000001000000000000000000000000100000000000000000000000000001000000000000000001000
2216,100000000000000000000000000000000000000000100000010000001000000000000000000000000100000000000000000000000000001000000000000000001001
395,100000000000000000000000000000000000000000100000010000001000000000000000000000000100000000000000000000000000001000000000010010010000
2212,100000000000000000000000000000000000000000100000010000001000000000000000000000000100000000000000000000000000001000000000010010010010
948,100000000000000000000000000000000000000000100000010000001000000000000000000000000100000000000000000000000000001000000000010010010100
2135,100000000000000000000000000000000000000000100000010000001000000000000000000000000100000000000000000000000000001000000000010010010101
421,100000000000000000000000000000000000000000100000010000001000000000000000000000000100000000000000000000000000001000000001000000000000
2035,100000000000000000000000000000000000000000100000010000001000000000000000000000000100000000000000000000000000001000000001000000000001
812,100000000000000000000000000000000000000000100000010000001000000000000000000000000100000000000000000000000000001000000001000000000010
1985,100000000000000000000000000000000000000000100000010000001000000000000000000000000100000000000000000000000000001000000001000000011000
1991,100000000000000000000000000000000000000000100000010000001000000000000000000000000100000000000000000000000000001000000001000000011010
51,1000000000000000000000000000000000000000001000000100000010000000000000000000000001000000000000000000000000000000000000000000000000000
620,1000000000000000000000000000000000000000001000000100000010000000000000000000000001000000000000000000000000000000000000000000000000100
854,1000000000000000000000000000000000000000001000000100000010000000000000000000000001000000000000000000000000000000000000000000000000101
334,1000000000000000000000000000000000000000001000000100000010000000000000000000000001000000000000000000000000000000000000000000000010000
2106,1000000000000000000000000000000000000000001000000100000010000000000000000000000001000000000000000000000000000000000000000000000010001
892,1000000000000000000000000000000000000000001000000100000010000000000000000000000001000000000000000000000000000000000000000000000010100
944,1000000000000000000000000000000000000000001000000100000010000000000000000000000001000000000000000000000000000010000000000000000010000
2217,1000000000000000000000000000000000000000001000000100000010000000000000000000000001000000000000000000000000000010000000000000000010010
396,1000000000000000000000000000000000000000001000000100000010000000000000000000000001000000000000000000000000000010000000000100100100000
779,1000000000000000000000000000000000000000001000000100000010000000000000000000000001000000000000000000000000000010000000000100100100100
2108,1000000000000000000000000000000000000000001000000100000010000000000000000000000001000000000000000000000000000010000000000100100100101
422,1000000000000000000000000000000000000000001000000100000010000000000000000000000001000000000000000000000000000010000000010000000000000
2014,1000000000000000000000000000000000000000001000000100000010000000000000000000000001000000000000000000000000000010000000010000000000001
2019,1000000000000000000000000000000000000000001000000100000010000000000000000000000001000000000000000000000000000010000000010000000000010
813,1000000000000000000000000000000000000000001000000100000010000000000000000000000001000000000000000000000000000010000000010000000000100
2043,1000000000000000000000000000000000000000001000000100000010000000000000000000000001000000000000000000000000000010000000010000000000101
2257,1000000000000000000000000000000000000000001000000100000010000000000000000000000001000000000000000000000000000010000000010000000110100
52,10000000000000000000000000000000000000000010000001000000100000000000000000000000010000000000000000000000000000000000000000000000000000
2067,10000000000000000000000000000000000000000010000001000000100000000000000000000000010000000000000000000000000000000000000000000000000001
618,10000000000000000000000000000000000000000010000001000000100000000000000000000000010000000000000000000000000000000000000000000000001000
855,10000000000000000000000000000000000000000010000001000000100000000000000000000000010000000000000000000000000000000000000000000000001010
335,10000000000000000000000000000000000000000010000001000000100000000000000000000000010000000000000000000000000000000000000000000000100000
2104,10000000000000000000000000000000000000000010000001000000100000000000000000000000010000000000000000000000000000000000000000000000100001
893,10000000000000000000000000000000000000000010000001000000100000000000000000000000010000000000000000000000000000000000000000000000101000
945,10000000000000000000000000000000000000000010000001000000100000000000000000000000010000000000000000000000000000100000000000000000100000
2147,10000000000000000000000000000000000000000010000001000000100000000000000000000000010000000000000000000000000000100000000000000000100001
2140,10000000000000000000000000000000000000000010000001000000100000000000000000000000010000000000000000000000000000100000000000000000100100
397,10000000000000000000000000000000000000000010000001000000100000000000000000000000010000000000000000000000000000100000000001001001000000
780,10000000000000000000000000000000000000000010000001000000100000000000000000000000010000000000000000000000000000100000000001001001001000
2119,10000000000000000000000000000000000000000010000001000000100000000000000000000000010000000000000000000000000000100000000001001001001001
2099,10000000000000000000000000000000000000000010000001000000100000000000000000000000010000000000000000000000000000100000000001001001001010
423,10000000000000000000000000000000000000000010000001000000100000000000000000000000010000000000000000000000000000100000000100000000000000
1984,10000000000000000000000000000000000000000010000001000000100000000000000000000000010000000000000000000000000000100000000100000000000001
2026,10000000000000000000000000000000000000000010000001000000100000000000000000000000010000000000000000000000000000100000000100000000000010
814,10000000000000000000000000000000000000000010000001000000100000000000000000000000010000000000000000000000000000100000000100000000001000
1982,10000000000000000000000000000000000000000010000001000000100000000000000000000000010000000000000000000000000000100000000100000001101000
53,100000000000000000000000000000000000000000100000010000001000000000000000000000000100000000000000000000000000000000000000000000000000000
609,100000000000000000000000000000000000000000100000010000001000000000000000000000000100000000000000000000000000000000000000000000000000001
2039,100000000000000000000000000000000000000000100000010000001000000000000000000000000100000000000000000000000000000000000000000000000000010
336,100000000000000000000000000000000000000000100000010000001000000000000000000000000100000000000000000000000000000000000000000000001000000
894,100000000000000000000000000000000000000000100000010000001000000000000000000000000100000000000000000000000000000000000000000000001000001
2143,100000000000000000000000000000000000000000100000010000001000000000000000000000000100000000000000000000000000001000000000000000001000010
398,100000000000000000000000000000000000000000100000010000001000000000000000000000000100000000000000000000000000001000000000010010010000000
781,100000000000000000000000000000000000000000100000010000001000000000000000000000000100000000000000000000000000001000000000010010010010000
2124,100000000000000000000000000000000000000000100000010000001000000000000000000000000100000000000000000000000000001000000000010010010010001
2128,100000000000000000000000000000000000000000100000010000001000000000000000000000000100000000000000000000000000001000000000010010010010010
2129,100000000000000000000000000000000000000000100000010000001000000000000000000000000100000000000000000000000000001000000000010010010010011
424,100000000000000000000000000000000000000000100000010000001000000000000000000000000100000000000000000000000000001000000001000000000000000
1966,100000000000000000000000000000000000000000100000010000001000000000000000000000000100000000000000000000000000001000000001000000000000001
815,100000000000000000000000000000000000000000100000010000001000000000000000000000000100000000000000000000000000001000000001000000000010000
2041,100000000000000000000000000000000000000000100000010000001000000000000000000000000100000000000000000000000000001000000001000000000010001
2256,100000000000000000000000000000000000000000100000010000001000000000000000000000000100000000000000000000000000001000000001000000011010000
54,1000000000000000000000000000000000000000001000000100000010000000000000000000000001000000000000000000000000000000000000000000000000000000
2065,1000000000000000000000000000000000000000001000000100000010000000000000000000000001000000000000000000000000000000000000000000000000000001
337,1000000000000000000000000000000000000000001000000100000010000000000000000000000001000000000000000000000000000000000000000000000010000000
351,1000000000000000000000000000000000000000001000000100000010000000000000000000000001000000000000000000000000000000000000000000000010000001
895,1000000000000000000000000000000000000000001000000100000010000000000000000000000001000000000000000000000000000000000000000000000010000010
2112,1000000000000000000000000000000000000000001000000100000010000000000000000000000001000000000000000000000000000000000000000000000010000011
399,1000000000000000000000000000000000000000001000000100000010000000000000000000000001000000000000000000000000000010000000000100100100000000
617,1000000000000000000000000000000000000000001000000100000010000000000000000000000001000000000000000000000000000010000000000100100100000001
782,1000000000000000000000000000000000000000001000000100000010000000000000000000000001000000000000000000000000000010000000000100100100100000
2133,1000000000000000000000000000000000000000001000000100000010000000000000000000000001000000000000000000000000000010000000000100100100100001
2132,1000000000000000000000000000000000000000001000000100000010000000000000000000000001000000000000000000000000000010000000000100100100100010
425,1000000000000000000000000000000000000000001000000100000010000000000000000000000001000000000000000000000000000010000000010000000000000000
1965,1000000000000000000000000000000000000000001000000100000010000000000000000000000001000000000000000000000000000010000000010000000000000001
1957,1000000000000000000000000000000000000000001000000100000010000000000000000000000001000000000000000000000000000010000000010000000000000010
816,1000000000000000000000000000000000000000001000000100000010000000000000000000000001000000000000000000000000000010000000010000000000100000
1999,1000000000000000000000000000000000000000001000000100000010000000000000000000000001000000000000000000000000000010000000010000000000100001
2042,1000000000000000000000000000000000000000001000000100000010000000000000000000000001000000000000000000000000000010000000010000000000100010
2051,1000000000000000000000000000000000000000001000000100000010000000000000000000000001000000000000000000000000000010000000010000000000100011
1980,1000000000000000000000000000000000000000001000000100000010000000000000000000000001000000000000000000000000000010000000010000000110100000
55,10000000000000000000000000000000000000000010000001000000100000000000000000000000010000000000000000000000000000000000000000000000000000000
338,10000000000000000000000000000000000000000010000001000000100000000000000000000000010000000000000000000000000000000000000000000000100000000
531,10000000000000000000000000000000000000000010000001000000100000000000000000000000010000000000000000000000000000000000000000000000100000001
352,10000000000000000000000000000000000000000010000001000000100000000000000000000000010000000000000000000000000000000000000000000000100000010
2139,10000000000000000000000000000000000000000010000001000000100000000000000000000000010000000000000000000000000000000000000000000000100000011
896,10000000000000000000000000000000000000000010000001000000100000000000000000000000010000000000000000000000000000000000000000000000100000100
2126,10000000000000000000000000000000000000000010000001000000100000000000000000000000010000000000000000000000000000000000000000000000100000101
2113,10000000000000000000000000000000000000000010000001000000100000000000000000000000010000000000000000000000000000000000000000000000100000110
400,10000000000000000000000000000000000000000010000001000000100000000000000000000000010000000000000000000000000000100000000001001001000000000
614,10000000000000000000000000000000000000000010000001000000100000000000000000000000010000000000000000000000000000100000000001001001000000001
783,10000000000000000000000000000000000000000010000001000000100000000000000000000000010000000000000000000000000000100000000001001001001000000
2134,10000000000000000000000000000000000000000010000001000000100000000000000000000000010000000000000000000000000000100000000001001001001000010
2136,10000000000000000000000000000000000000000010000001000000100000000000000000000000010000000000000000000000000000100000000001001001001000011
426,10000000000000000000000000000000000000000010000001000000100000000000000000000000010000000000000000000000000000100000000100000000000000000
1918,10000000000000000000000000000000000000000010000001000000100000000000000000000000010000000000000000000000000000100000000100000000000000010
817,10000000000000000000000000000000000000000010000001000000100000000000000000000000010000000000000000000000000000100000000100000000001000000
1997,10000000000000000000000000000000000000000010000001000000100000000000000000000000010000000000000000000000000000100000000100000000001000001
2016,10000000000000000000000000000000000000000010000001000000100000000000000000000000010000000000000000000000000000100000000100000000001000010
2034,10000000000000000000000000000000000000000010000001000000100000000000000000000000010000000000000000000000000000100000000100000000001000100
2052,10000000000000000000000000000000000000000010000001000000100000000000000000000000010000000000000000000000000000100000000100000000001000101
2059,10000000000000000000000000000000000000000010000001000000100000000000000000000000010000000000000000000000000000100000000100000000001000110
56,100000000000000000000000000000000000000000100000010000001000000000000000000000000100000000000000000000000000000000000000000000000000000000
611,100000000000000000000000000000000000000000100000010000001000000000000000000000000100000000000000000000000000000000000000000000000000000001
339,100000000000000000000000000000000000000000100000010000001000000000000000000000000100000000000000000000000000000000000000000000001000000000
535,100000000000000000000000000000000000000000100000010000001000000000000000000000000100000000000000000000000000000000000000000000001000000001
532,100000000000000000000000000000000000000000100000010000001000000000000000000000000100000000000000000000000000000000000000000000001000000010
2120,100000000000000000000000000000000000000000100000010000001000000000000000000000000100000000000000000000000000000000000000000000001000000011
353,100000000000000000000000000000000000000000100000010000001000000000000000000000000100000000000000000000000000000000000000000000001000000100
2142,100000000000000000000000000000000000000000100000010000001000000000000000000000000100000000000000000000000000000000000000000000001000000101
528,100000000000000000000000000000000000000000100000010000001000000000000000000000000100000000000000000000000000000000000000000000001000001000
401,100000000000000000000000000000000000000000100000010000001000000000000000000000000100000000000000000000000000001000000000010010010000000000
2072,100000000000000000000000000000000000000000100000010000001000000000000000000000000100000000000000000000000000001000000000010010010000000001
2137,100000000000000000000000000000000000000000100000010000001000000000000000000000000100000000000000000000000000001000000000010010010010000100
2144,100000000000000000000000000000000000000000100000010000001000000000000000000000000100000000000000000000000000001000000000010010010010000110
427,100000000000000000000000000000000000000000100000010000001000000000000000000000000100000000000000000000000000001000000001000000000000000000
1950,100000000000000000000000000000000000000000100000010000001000000000000000000000000100000000000000000000000000001000000001000000000000000001
1915,100000000000000000000000000000000000000000100000010000001000000000000000000000000100000000000000000000000000001000000001000000000000000100
2012,100000000000000000000000000000000000000000100000010000001000000000000000000000000100000000000000000000000000001000000001000000000010000010
57,1000000000000000000000000000000000000000001000000100000010000000000000000000000001000000000000000000000000000000000000000000000000000000000
856,1000000000000000000000000000000000000000001000000100000010000000000000000000000001000000000000000000000000000000000000000000000000000000001
340,1000000000000000000000000000000000000000001000000100000010000000000000000000000001000000000000000000000000000000000000000000000010000000000
537,1000000000000000000000000000000000000000001000000100000010000000000000000000000001000000000000000000000000000000000000000000000010000000001
536,1000000000000000000000000000000000000000001000000100000010000000000000000000000001000000000000000000000000000000000000000000000010000000010
533,1000000000000000000000000000000000000000001000000100000010000000000000000000000001000000000000000000000000000000000000000000000010000000100
2114,1000000000000000000000000000000000000000001000000100000010000000000000000000000001000000000000000000000000000000000000000000000010000000101
2121,1000000000000000000000000000000000000000001000000100000010000000000000000000000001000000000000000000000000000000000000000000000010000000110
354,1000000000000000000000000000000000000000001000000100000010000000000000000000000001000000000000000000000000000000000000000000000010000001000
2153,1000000000000000000000000000000000000000001000000100000010000000000000000000000001000000000000000000000000000000000000000000000010000001001
2145,1000000000000000000000000000000000000000001000000100000010000000000000000000000001000000000000000000000000000000000000000000000010000001010
2151,1000000000000000000000000000000000000000001000000100000010000000000000000000000001000000000000000000000000000000000000000000000010000001011
529,1000000000000000000000000000000000000000001000000100000010000000000000000000000001000000000000000000000000000000000000000000000010000010000
402,1000000000000000000000000000000000000000001000000100000010000000000000000000000001000000000000000000000000000010000000000100100100000000000
428,1000000000000000000000000000000000000000001000000100000010000000000000000000000001000000000000000000000000000010000000010000000000000000000
1920,1000000000000000000000000000000000000000001000000100000010000000000000000000000001000000000000000000000000000010000000010000000000000000010
1909,1000000000000000000000000000000000000000001000000100000010000000000000000000000001000000000000000000000000000010000000010000000000000001000
58,10000000000000000000000000000000000000000010000001000000100000000000000000000000010000000000000000000000000000000000000000000000000000000000
857,10000000000000000000000000000000000000000010000001000000100000000000000000000000010000000000000000000000000000000000000000000000000000000010
2074,10000000000000000000000000000000000000000010000001000000100000000000000000000000010000000000000000000000000000000000000000000000000000000011
341,10000000000000000000000000000000000000000010000001000000100000000000000000000000010000000000000000000000000000000000000000000000100000000000
538,10000000000000000000000000000000000000000010000001000000100000000000000000000000010000000000000000000000000000000000000000000000100000000010
534,10000000000000000000000000000000000000000010000001000000100000000000000000000000010000000000000000000000000000000000000000000000100000001000
2109,10000000000000000000000000000000000000000010000001000000100000000000000000000000010000000000000000000000000000000000000000000000100000001100
355,10000000000000000000000000000000000000000010000001000000100000000000000000000000010000000000000000000000000000000000000000000000100000010000
2157,10000000000000000000000000000000000000000010000001000000100000000000000000000000010000000000000000000000000000000000000000000000100000010001
2155,10000000000000000000000000000000000000000010000001000000100000000000000000000000010000000000000000000000000000000000000000000000100000010010
2161,10000000000000000000000000000000000000000010000001000000100000000000000000000000010000000000000000000000000000000000000000000000100000010011
2146,10000000000000000000000000000000000000000010000001000000100000000000000000000000010000000000000000000000000000000000000000000000100000010100
2152,10000000000000000000000000000000000000000010000001000000100000000000000000000000010000000000000000000000000000000000000000000000100000010101
530,10000000000000000000000000000000000000000010000001000000100000000000000000000000010000000000000000000000000000000000000000000000100000100000
403,10000000000000000000000000000000000000000010000001000000100000000000000000000000010000000000000000000000000000100000000001001001000000000000
613,10000000000000000000000000000000000000000010000001000000100000000000000000000000010000000000000000000000000000100000000001001001000000000001
320,100000000000000000000000000000000000000000100000010000001000000000000000000000000100000000000000000000000000000000000000000000000000000000000
2054,100000000000000000000000000000000000000000100000010000001000000000000000000000000100000000000000000000000000000000000000000000000000000000001
858,100000000000000000000000000000000000000000100000010000001000000000000000000000000100000000000000000000000000000000000000000000000000000000100
866,100000000000000000000000000000000000000000100000010000001000000000000000000000000100000000000000000000000000000000000000000000000000000000101
342,100000000000000000000000000000000000000000100000010000001000000000000000000000000100000000000000000000000000000000000000000000001000000000000
2254,100000000000000000000000000000000000000000100000010000001000000000000000000000000100000000000000000000000000000000000000000000001000000000001
2090,100000000000000000000000000000000000000000100000010000001000000000000000000000000100000000000000000000000000000000000000000000001000000011000
2158,100000000000000000000000000000000000000000100000010000001000000000000000000000000100000000000000000000000000000000000000000000001000000100010
2214,100000000000000000000000000000000000000000100000010000001000000000000000000000000100000000000000000000000000000000000000000000001000000100100
404,100000000000000000000000000000000000000000100000010000001000000000000000000000000100000000000000000000000000001000000000010010010000000000000
2079,100000000000000000000000000000000000000000100000010000001000000000000000000000000100000000000000000000000000001000000000010010010000000000001
321,1000000000000000000000000000000000000000001000000100000010000000000000000000000001000000000000000000000000000000000000000000000000000000000000
859,1000000000000000000000000000000000000000001000000100000010000000000000000000000001000000000000000000000000000000000000000000000000000000001000
2081,1000000000000000000000000000000000000000001000000100000010000000000000000000000001000000000000000000000000000000000000000000000000000000001001
867,1000000000000000000000000000000000000000001000000100000010000000000000000000000001000000000000000000000000000000000000000000000000000000001010
343,1000000000000000000000000000000000000000001000000100000010000000000000000000000001000000000000000000000000000000000000000000000010000000000000
2148,1000000000000000000000000000000000000000001000000100000010000000000000000000000001000000000000000000000000000000000000000000000010000000000001
2141,1000000000000000000000000000000000000000001000000100000010000000000000000000000001000000000000000000000000000000000000000000000010000000000010
2160,1000000000000000000000000000000000000000001000000100000010000000000000000000000001000000000000000000000000000000000000000000000010000001001000
405,1000000000000000000000000000000000000000001000000100000010000000000000000000000001000000000000000000000000000010000000000100100100000000000000
2068,1000000000000000000000000000000000000000001000000100000010000000000000000000000001000000000000000000000000000010000000000100100100000000000001
322,10000000000000000000000000000000000000000010000001000000100000000000000000000000010000000000000000000000000000000000000000000000000000000000000
868,10000000000000000000000000000000000000000010000001000000100000000000000000000000010000000000000000000000000000000000000000000000000000000000001
621,10000000000000000000000000000000000000000010000001000000100000000000000000000000010000000000000000000000000000000000000000000000000000000010000
860,10000000000000000000000000000000000000000010000001000000100000000000000000000000010000000000000000000000000000000000000000000000000000000010001
612,10000000000000000000000000000000000000000010000001000000100000000000000000000000010000000000000000000000000000000000000000000000000000000010010
2083,10000000000000000000000000000000000000000010000001000000100000000000000000000000010000000000000000000000000000000000000000000000000000000010011
344,10000000000000000000000000000000000000000010000001000000100000000000000000000000010000000000000000000000000000000000000000000000100000000000000
2159,10000000000000000000000000000000000000000010000001000000100000000000000000000000010000000000000000000000000000000000000000000000100000000000001
2149,10000000000000000000000000000000000000000010000001000000100000000000000000000000010000000000000000000000000000000000000000000000100000000000010
2213,10000000000000000000000000000000000000000010000001000000100000000000000000000000010000000000000000000000000000000000000000000000100000010010000
406,10000000000000000000000000000000000000000010000001000000100000000000000000000000010000000000000000000000000000100000000001001001000000000000000
2066,10000000000000000000000000000000000000000010000001000000100000000000000000000000010000000000000000000000000000100000000001001001000000000000001
323,100000000000000000000000000000000000000000100000010000001000000000000000000000000100000000000000000000000000000000000000000000000000000000000000
875,100000000000000000000000000000000000000000100000010000001000000000000000000000000100000000000000000000000000000000000000000000000000000000000001
869,100000000000000000000000000000000000000000100000010000001000000000000000000000000100000000000000000000000000000000000000000000000000000000000010
2003,100000000000000000000000000000000000000000100000010000001000000000000000000000000100000000000000000000000000000000000000000000000000000000000011
622,100000000000000000000000000000000000000000100000010000001000000000000000000000000100000000000000000000000000000000000000000000000000000000100010
861,100000000000000000000000000000000000000000100000010000001000000000000000000000000100000000000000000000000000000000000000000000000000000000100011
625,100000000000000000000000000000000000000000100000010000001000000000000000000000000100000000000000000000000000000000000000000000000000000000100100
2085,100000000000000000000000000000000000000000100000010000001000000000000000000000000100000000000000000000000000000000000000000000000000000000100110
345,100000000000000000000000000000000000000000100000010000001000000000000000000000000100000000000000000000000000000000000000000000001000000000000000
2156,100000000000000000000000000000000000000000100000010000001000000000000000000000000100000000000000000000000000000000000000000000001000000000000001
2150,100000000000000000000000000000000000000000100000010000001000000000000000000000000100000000000000000000000000000000000000000000001000000000000100
2164,100000000000000000000000000000000000000000100000010000001000000000000000000000000100000000000000000000000000000000000000000000001000000100100000
407,100000000000000000000000000000000000000000100000010000001000000000000000000000000100000000000000000000000000001000000000010010010000000000000000
324,1000000000000000000000000000000000000000001000000100000010000000000000000000000001000000000000000000000000000000000000000000000000000000000000000
1970,1000000000000000000000000000000000000000001000000100000010000000000000000000000001000000000000000000000000000000000000000000000000000000000000001
876,1000000000000000000000000000000000000000001000000100000010000000000000000000000001000000000000000000000000000000000000000000000000000000000000010
2006,1000000000000000000000000000000000000000001000000100000010000000000000000000000001000000000000000000000000000000000000000000000000000000000000011
870,1000000000000000000000000000000000000000001000000100000010000000000000000000000001000000000000000000000000000000000000000000000000000000000000100
1987,1000000000000000000000000000000000000000001000000100000010000000000000000000000001000000000000000000000000000000000000000000000000000000000000110
2021,1000000000000000000000000000000000000000001000000100000010000000000000000000000001000000000000000000000000000000000000000000000000000000000000111
623,1000000000000000000000000000000000000000001000000100000010000000000000000000000001000000000000000000000000000000000000000000000000000000001000100
862,1000000000000000000000000000000000000000001000000100000010000000000000000000000001000000000000000000000000000000000000000000000000000000001000110
346,1000000000000000000000000000000000000000001000000100000010000000000000000000000001000000000000000000000000000000000000000000000010000000000000000
2162,1000000000000000000000000000000000000000001000000100000010000000000000000000000001000000000000000000000000000000000000000000000010000000000000001
2154,1000000000000000000000000000000000000000001000000100000010000000000000000000000001000000000000000000000000000000000000000000000010000000000000010
408,1000000000000000000000000000000000000000001000000100000010000000000000000000000001000000000000000000000000000010000000000100100100000000000000000
325,10000000000000000000000000000000000000000010000001000000100000000000000000000000010000000000000000000000000000000000000000000000000000000000000000
878,10000000000000000000000000000000000000000010000001000000100000000000000000000000010000000000000000000000000000000000000000000000000000000000000001
877,10000000000000000000000000000000000000000010000001000000100000000000000000000000010000000000000000000000000000000000000000000000000000000000000100
2005,10000000000000000000000000000000000000000010000001000000100000000000000000000000010000000000000000000000000000000000000000000000000000000000000110
871,10000000000000000000000000000000000000000010000001000000100000000000000000000000010000000000000000000000000000000000000000000000000000000000001000
2031,10000000000000000000000000000000000000000010000001000000100000000000000000000000010000000000000000000000000000000000000000000000000000000000001001
1983,10000000000000000000000000000000000000000010000001000000100000000000000000000000010000000000000000000000000000000000000000000000000000000000001100
2089,10000000000000000000000000000000000000000010000001000000100000000000000000000000010000000000000000000000000000000000000000000000000000000010001000
863,10000000000000000000000000000000000000000010000001000000100000000000000000000000010000000000000000000000000000000000000000000000000000000010001100
2094,10000000000000000000000000000000000000000010000001000000100000000000000000000000010000000000000000000000000000000000000000000000000000000010001101
347,10000000000000000000000000000000000000000010000001000000100000000000000000000000010000000000000000000000000000000000000000000000100000000000000000
2165,10000000000000000000000000000000000000000010000001000000100000000000000000000000010000000000000000000000000000000000000000000000100000000000000001
2163,10000000000000000000000000000000000000000010000001000000100000000000000000000000010000000000000000000000000000000000000000000000100000000000000010
326,100000000000000000000000000000000000000000100000010000001000000000000000000000000100000000000000000000000000000000000000000000000000000000000000000
882,100000000000000000000000000000000000000000100000010000001000000000000000000000000100000000000000000000000000000000000000000000000000000000000000001
879,100000000000000000000000000000000000000000100000010000001000000000000000000000000100000000000000000000000000000000000000000000000000000000000000010
872,100000000000000000000000000000000000000000100000010000001000000000000000000000000100000000000000000000000000000000000000000000000000000000000010000
2215,100000000000000000000000000000000000000000100000010000001000000000000000000000000100000000000000000000000000000000000000000000000000000000000010010
2093,100000000000000000000000000000000000000000100000010000001000000000000000000000000100000000000000000000000000000000000000000000000000000000100010000
864,100000000000000000000000000000000000000000100000010000001000000000000000000000000100000000000000000000000000000000000000000000000000000000100011000
2117,100000000000000000000000000000000000000000100000010000001000000000000000000000000100000000000000000000000000000000000000000000000000000000100011010
348,100000000000000000000000000000000000000000100000010000001000000000000000000000000100000000000000000000000000000000000000000000001000000000000000000
2167,100000000000000000000000000000000000000000100000010000001000000000000000000000000100000000000000000000000000000000000000000000001000000000000000001
327,1000000000000000000000000000000000000000001000000100000010000000000000000000000001000000000000000000000000000000000000000000000000000000000000000000
883,1000000000000000000000000000000000000000001000000100000010000000000000000000000001000000000000000000000000000000000000000000000000000000000000000010
1944,1000000000000000000000000000000000000000001000000100000010000000000000000000000001000000000000000000000000000000000000000000000000000000000000000011
880,1000000000000000000000000000000000000000001000000100000010000000000000000000000001000000000000000000000000000000000000000000000000000000000000000100
1953,1000000000000000000000000000000000000000001000000100000010000000000000000000000001000000000000000000000000000000000000000000000000000000000000000101
873,1000000000000000000000000000000000000000001000000100000010000000000000000000000001000000000000000000000000000000000000000000000000000000000000100000
865,1000000000000000000000000000000000000000001000000100000010000000000000000000000001000000000000000000000000000000000000000000000000000000001000110000
2116,1000000000000000000000000000000000000000001000000100000010000000000000000000000001000000000000000000000000000000000000000000000000000000001000110001
349,1000000000000000000000000000000000000000001000000100000010000000000000000000000001000000000000000000000000000000000000000000000010000000000000000000
2166,1000000000000000000000000000000000000000001000000100000010000000000000000000000001000000000000000000000000000000000000000000000010000000000000000001
2168,1000000000000000000000000000000000000000001000000100000010000000000000000000000001000000000000000000000000000000000000000000000010000000000000000010
328,10000000000000000000000000000000000000000010000001000000100000000000000000000000010000000000000000000000000000000000000000000000000000000000000000000
1900,10000000000000000000000000000000000000000010000001000000100000000000000000000000010000000000000000000000000000000000000000000000000000000000000000001
884,10000000000000000000000000000000000000000010000001000000100000000000000000000000010000000000000000000000000000000000000000000000000000000000000000100
2233,10000000000000000000000000000000000000000010000001000000100000000000000000000000010000000000000000000000000000000000000000000000000000000000000000110
881,10000000000000000000000000000000000000000010000001000000100000000000000000000000010000000000000000000000000000000000000000000000000000000000000001000
1949,10000000000000000000000000000000000000000010000001000000100000000000000000000000010000000000000000000000000000000000000000000000000000000000000001010
874,10000000000000000000000000000000000000000010000001000000100000000000000000000000010000000000000000000000000000000000000000000000000000000000001000000
2025,10000000000000000000000000000000000000000010000001000000100000000000000000000000010000000000000000000000000000000000000000000000000000000000001000001
350,10000000000000000000000000000000000000000010000001000000100000000000000000000000010000000000000000000000000000000000000000000000100000000000000000000
329,100000000000000000000000000000000000000000100000010000001000000000000000000000000100000000000000000000000000000000000000000000000000000000000000000000
593,100000000000000000000000000000000000000000100000010000001000000000000000000000000100000000000000000000000000000000000000000000000000000000000000000001
885,100000000000000000000000000000000000000000100000010000001000000000000000000000000100000000000000000000000000000000000000000000000000000000000000001000
1928,100000000000000000000000000000000000000000100000010000001000000000000000000000000100000000000000000000000000000000000000000000000000000000000000001001
886,1000000000000000000000000000000000000000001000000100000010000000000000000000000001000000000000000000000000000000000000000000000000000000000000000010000
1938,1000000000000000000000000000000000000000001000000100000010000000000000000000000001000000000000000000000000000000000000000000000000000000000000000010001
2234,1000000000000000000000000000000000000000001000000100000010000000000000000000000001000000000000000000000000000000000000000000000000000000000000000010010
887,10000000000000000000000000000000000000000010000001000000100000000000000000000000010000000000000000000000000000000000000000000000000000000000000000100000
1952,10000000000000000000000000000000000000000010000001000000100000000000000000000000010000000000000000000000000000000000000000000000000000000000000000100001
2235,10000000000000000000000000000000000000000010000001000000100000000000000000000000010000000000000000000000000000000000000000000000000000000000000000100010
888,100000000000000000000000000000000000000000100000010000001000000000000000000000000100000000000000000000000000000000000000000000000000000000000000001000000
1946,100000000000000000000000000000000000000000100000010000001000000000000000000000000100000000000000000000000000000000000000000000000000000000000000001000010
889,1000000000000000000000000000000000000000001000000100000010000000000000000000000001000000000000000000000000000000000000000000000000000000000000000010000000
1941,1000000000000000000000000000000000000000001000000100000010000000000000000000000001000000000000000000000000000000000000000000000000000000000000000010000100
1926,10000000000000000000000000000000000000000010000001000000100000000000000000000000010000000000000000000000000000000000000000000000000000000000000000100001000
1916,100000000000000000000000000000000000000000100000010000001000000000000000000000000100000000000000000000000000000000000000000000000000000000000000001000010000
2236,1000000000000000000000000000000000000000001000000100000010000000000000000000000001000000000000000000000000000000000000000000000000000000000000000010000100000
