rid,binaryID
1,111110000001100001100111100000000000100000000001100000010000001010000000000000000000000000000100000000000
2,1111100000011000011001111000000000001000000000011000000100000010100000000000000000000000000001000000000000
3,111110000001100001100111100000000000100000000001100000010000001010000000000000000000000000000100000000000011
4,1111100000011000011001111000000000001000000000011000000100000010100000000000000000000000000000
5,11111000000110000110011110000000000010000000000110000001000000101000000000000000000000000000000
6,111110000001100001100111100000000000100000000001100000010000001010000000000000000000000000000000
7,1111100000011000011001111000000000001000000000011000000100000010100000000000000000000000000000000
8,11111000000110000110011110000000000010000000000110000001000000101000000000000000000000000000000000
9,11111000000110000110011110000000000010000000000110000001000000010100000000000001000000000000010100001011000100000011000010000000
10,111110000001100001100111100000000000100000000001100000010000000101000000000000010000000000000101000010110001000000110000100000000
11,1111100000011000011001111000000000001000000000011000000100000001010000000000000100000000000001010000101100010000001100001000000000
12,11111000000110000110011110000000000010000000000110000001000000010100000000000001000000000000010100001011000100000011000010000000000
13,111110000001100001100111100000000000100000000001100000010000000101000000000000010000000000000101000010110001000000110000100000000000
14,1111100000011000011001111000000000001000000000011000000100000001010000000000000100000000000001010000101100010000001100001000000000000
15,11111000000110000110011110000000000010000000000110000001000000010100000000000001000000000000010100001011000100000011000010000000000000
16,1111100000011000011001111000000000001000000000011000000100000001010000000000000100000000000001010000101100010000000
17,11111000000110000110011110000000000010000000000101
18,1111100000011000011001111000000000001000000000010
19,11111000000110000110011110000000000010000000101
20,1111100000011000011001111000000000001000000010
21,1111100000011000011001111000000000001000000000011000000100000010100100
22,111110000001100001100111100000000000100000000001100000010000001010010
23,1111100000011000011001111000000000001000000000011000000100000001100000000000
24,11111000000110000110011110000000000010000000000110000001000000010100000000000000000
25,11111000000110000110011110000000000010000000000110000001000000010100000000000000001
26,1111100000011000011001111000000000001000000000011000000100000001010000000000000001001
27,111110000001100001100111100000000000100000000001100000010000000101000000000000000100
28,1111100000011000011001111000000000001000000000011000000100000001010000000000000000
29,1111100000011000011001111000000000001000000000011000000100000001100000000001100
30,11111000000110000110011110000000000010000000000110000001000000010100000000000000010
31,11111000000110000110011110000000000010000000000110000001000000011000000000011100000001000000000000010100
32,111110000001100001100111100000000000100000000001100000010000000101000000000000010010110
33,11111000000110000110011110000000000010000000000110000001000000011000000000010
34,11111000000110000110011110000000000010000000000110000001000000011000000000011010
35,111110000001100001100111100000000000100000000001100000010000000110000000000110101
36,111110000001100001100111100000000000100000000001100000010000000110000000000111000000010000000010
37,1111100000011000011001111000000000001000000000011000000100000001100000000001110000000100000000110
38,11111000000110000110011110000000000010000000000110000001000000010100000000000001001010
39,11111000000110000110011110000000000010000000000110000001000000010100000000000001001011
40,11111000000110000110011110000000000010000000000110000001000000010100000000000001000100000
41,11111000000110000110011110000000000010000000000110000001000000011000000000011100000001000000000000010010100000011
42,11111000000110000110011110000000000010000000000110000001000000101000000000000000000000000000010000000000001
43,111110000001100001100111100000000000100000000001100000010000001010000000000000101
44,1111100000011000011001111000000000001000000000011000000100000001010000000000000001101111
45,111110000001100001100111100000000000100000000001100000010000000110000000000111000000010000000000000100101000101
46,111110000001100001100111100000000000100000000001100000010000000110000000000111000000001000001
47,1111100000011000011001111000000000001000000000011000000100000001010000000000000100000000000001010000101100010000000001
48,11111000000110000110011110000000000010000000000110000001000000011000000000011100000000000000000000000000011010000000010000001
49,11
51,11111
52,1111
53,111
54,111110
55,1111100
56,11111000
57,111110000
58,1111100000
59,111110000001
60,1111100000011
61,11111000000
62,11111000000110
63,111110000001100
64,1111100000011000
65,111110000001100001
66,1111100000011000011001111000000000001000000000011000000100000010100110
67,11111000000110000110011110000000000010000000000110000001000000101001100
68,111110000001100001100111100000000000100000000001100000010000001010011000
69,1111100000011000011001111000000000001000000000011000000100000010100110000
70,11111000000110000110011110000000000010000000000110000001000000101001100000
71,111110000001100001100111100000000000100000000001100000010000000
72,1111100000011000011001111000000000001000000000011000000100000001
73,11111000000110000110011110000000000010000000000110000001000000010
74,1111100000011000011001111000000000001000000000011000000100000001100000000001110000000100000000000001001010000
75,11111000000110000110011110000000000010000000000110000001000000011000000000011100000001000000000000010010100000
76,111110000001100001100111100000000000100000000001100000010000000110000000000111000000010000000000000100101000000
77,1111100000011000011001111000000000001000000000011000000100000001100000000001110000000100000000000001001010000000
78,11111000000110000110011110000000000010000000000110000000
79,111110000001100001100111100000000000100000000001100000000
80,1111100000011000011001111000000000001000000000011000000000
81,11111000000110000110011110000000000010000000000110000000000
82,1111100000011000011001111000000000001000000000011000000100000001100000000001110000010
83,11111000000110000110011110000000000010000000000110000001000000011000000000011100000100
84,1111100000011000011001111000000000001000000000011000000100000001010000000000000100000000000001010000101100010000001100000
85,11111000000110000110011110000000000010000000000110000001000000010100000000000001000000000000010100001011000100000011000000
86,111110000001100001100111100000000000100000000001100000010000000101000000000000010000000000000101000010110001000000110000000
87,1111100000011000011001111000000000001000000000011000000100000001100000000001110000000000000000000000000001101000000000
88,11111000000110000110011110000000000010000000000110000001000000011000000000011100000000000000000000000000011010000000010000
89,111110000001100001100111100000000000100000000001100000010000000110000000000111000000000000000000000000000110100000000100000
90,111110000001100001100111100000000000100000000001100000010000000101000000000000010000000000000100000111010
91,111110000001100001100111100000000000100000000001100000010000000110000000000111000000000000000000000010010
92,111110000001100001100111100000000000100000000001100000010000000101000000000000010000000000000100000111011
93,111110000001100001100111100000000000100000000001100000010000000101000000000000010000000000000101000010111000
94,1111100000011000011001111000000000001000000000011000000100000001010000000000000100000000000001010000100
95,1111100000011000011001111000000000001000000000011000000100000001100000000001110000000000000000000000000001100
96,11111000000110000110011110000000000010000000000110000001000000010100000000000001000000000000010100000
97,1111100000011000011001111000000000001000000000011000000100000001100000000001110000000000000000000000000111101
98,111110000001100001100111100000000000100000000001100000010000000110000000000111000000000000000000000000011110
99,1111100000011000011001111000000000001000000000011000000100000001100000000001110000000000000000000000110
100,11111000000110000110011110000000000010000000000110000001000000010100000000000001000000000000010000011100
101,1111100000011000011001111000000000001000000000011000000100000001100000000001110000000000000000000000111
102,11111000000110000110011110000000000010000000000110000001000000010100000000000001000000000000010100001010
103,111110000001100001100111100000000000100000000001100000010000000110000000000111000000000000000000000000010
104,111110000001100001100111100000000000100000000001100000010000000101000000000000010000000000000101000010111010
105,111110000001100001100111100000000000100000000001100000010000000101000000000000010000000000000101000010111011
106,111110000001100001100111100000000000100000000001100000010000000101000000000000010000000000000101000010110001000000110000001
107,11111000000110000
108,1111100000011000011
109,11111000000110000110
110,111110000001100001100
111,1111100000011000011001
112,11111000000110000110011
113,1111100000011000011001111
114,111110000001100001100111
115,11111000000110000110011110
116,111110000001100001100111100
117,1111100000011000011001111000
118,11111000000110000110011110000
119,111110000001100001100111100000
120,1111100000011000011001111000000
121,11111000000110000110011110000000
122,111110000001100001100111100000000
123,1111100000011000011001111000000000
124,11111000000110000110011110000000000
125,111110000001100001100111100000000000
126,1111100000011000011001111000000000000
127,11111000000110000110011110000000000000
128,111110000001100001100111100000000000000
129,1111100000011000011001111000000000000000
130,11111000000110000110011110000000000000000
131,111110000001100001100111100000000000000000
132,1111100000011000011001111000000000000000000
133,1111100000011000011001111000000000001
134,11111000000110000110011110000000000010
135,111110000001100001100111100000000000100
136,1111100000011000011001111000000000001000
137,11111000000110000110011110000000000010000
138,111110000001100001100111100000000000100000
139,1111100000011000011001111000000000001000000
140,11111000000110000110011110000000000010000000
141,111110000001100001100111100000000000100000000
142,1111100000011000011001111000000000001000000000
143,11111000000110000110011110000000000010000000000
144,111110000001100001100111100000000000100000000000
145,1111100000011000011001111000000000001000000000000
146,11111000000110000110011110000000000010000000000000
147,111110000001100001100111100000000000100000000000000
148,111110000001100001100111100000000000100000000001
149,1111100000011000011001111000000000001000000000011
150,11111000000110000110011110000000000010000000000110
151,111110000001100001100111100000000000100000000001100
152,1111100000011000011001111000000000001000000000011000
153,11111000000110000110011110000000000010000000000110000
154,111110000001100001100111100000000000100000000001100000
155,1111100000011000011001111000000000001000000000011000000
156,11111000000110000110011110000000000010000000000110000001
157,111110000001100001100111100000000000100000000001100000010
158,1111100000011000011001111000000000001000000000011000000100
159,11111000000110000110011110000000000010000000000110000001000
160,111110000001100001100111100000000000100000000001100000010000
161,1111100000011000011001111000000000001000000000011000000100000
162,11111000000110000110011110000000000010000000000110000001000000
163,111110000001100001100111100000000000100000000001100000010000001
164,1111100000011000011001111000000000001000000000011000000100000010
165,11111000000110000110011110000000000010000000000110000001000000100
166,11111000000110000110011110000000000010000000000110000001000000101
167,111110000001100001100111100000000000100000000001100000010000001010
168,1111100000011000011001111000000000001000000000011000000100000010100
169,11111000000110000110011110000000000010000000000110000001000000101000
170,111110000001100001100111100000000000100000000001100000010000001010000
171,1111100000011000011001111000000000001000000000011000000100000010100000
172,11111000000110000110011110000000000010000000000110000001000000101000000
173,111110000001100001100111100000000000100000000001100000010000001010000000
174,1111100000011000011001111000000000001000000000011000000100000010100000000
175,11111000000110000110011110000000000010000000000110000001000000101000000000
176,111110000001100001100111100000000000100000000001100000010000001010000000000
177,1111100000011000011001111000000000001000000000011000000100000010100000000000
178,11111000000110000110011110000000000010000000000110000001000000101000000000000
179,111110000001100001100111100000000000100000000001100000010000001010000000000000
180,1111100000011000011001111000000000001000000000011000000100000010100000000000000
181,11111000000110000110011110000000000010000000000110000001000000101000000000000000
182,111110000001100001100111100000000000100000000001100000010000001010000000000000000
183,1111100000011000011001111000000000001000000000011000000100000010100000000000000000
184,11111000000110000110011110000000000010000000000110000001000000101000000000000000000
185,111110000001100001100111100000000000100000000001100000010000001010000000000000000000
186,1111100000011000011001111000000000001000000000011000000100000010100000000000000000000
187,11111000000110000110011110000000000010000000000110000001000000101000000000000000000000
188,111110000001100001100111100000000000100000000001100000010000001010000000000000000000000
189,1111100000011000011001111000000000001000000000011000000100000010100000000000000000000000
190,11111000000110000110011110000000000010000000000110000001000000101000000000000000000000000
191,111110000001100001100111100000000000100000000001100000010000001010000000000000000000000000
192,1111100000011000011001111000000000001000000000011000000100000010100000000000000000000000000
193,11111000000110000110011110000000000010000000000110000001000000101000000000000000000000000000
194,111110000001100001100111100000000000100000000001100000010000001010000000000000000000000000000
195,1111100000011000011001111000000000001000000000011000000100000010100000000000000000000000000001
196,11111000000110000110011110000000000010000000000110000001000000101000000000000000000000000000010
197,111110000001100001100111100000000000100000000001100000010000001010000000000000000000000000000100
198,1111100000011000011001111000000000001000000000011000000100000010100000000000000000000000000001000
199,11111000000110000110011110000000000010000000000110000001000000101000000000000000000000000000010000
200,111110000001100001100111100000000000100000000001100000010000001010000000000000000000000000000100000
201,1111100000011000011001111000000000001000000000011000000100000010100000000000000000000000000001000000
202,11111000000110000110011110000000000010000000000110000001000000101000000000000000000000000000010000000
203,111110000001100001100111100000000000100000000001100000010000001010000000000000000000000000000100000000
204,1111100000011000011001111000000000001000000000011000000100000010100000000000000000000000000001000000000
205,11111000000110000110011110000000000010000000000110000001000000101000000000000000000000000000010000000000
206,111110000001100001100111100000000000100000000001100000010000001010000000000000000000000000000000001
207,1111100000011000011001111000000000001000000000011000000100000010100000000000001
208,11111000000110000110011110000000000010000000000110000001000000101000000000000010
209,1111100000011000011001111000000000001000000000011000000100000010100000000000001011
210,11111000000110000110011110000000000010000000000110000001000000101000000000000010110
211,111110000001100001100111100000000000100000000001100000010000001010000000000000101100
212,1111100000011000011001111000000000001000000000011000000100000010100000000000001011000
213,11111000000110000110011110000000000010000000000110000001000000101000000000000010110000
214,11111000000110000110011110000000000010000000000110000001000000101001
215,111110000001100001100111100000000000100000000001100000010000001010011
216,111110000001100001100111100000000000100000000001100000010000000100
217,1111100000011000011001111000000000001000000000011000000100000001000
218,11111000000110000110011110000000000010000000000110000001000000010000
219,111110000001100001100111100000000000100000000001100000010000000100000
220,1111100000011000011001111000000000001000000000011000000100000001000000
221,11111000000110000110011110000000000010000000000110000001000000010000000
222,111110000001100001100111100000000000100000000001100000010000000100000000
223,1111100000011000011001111000000000001000000000011000000100000001000000000
224,11111000000110000110011110000000000010000000000110000001000000010000000000
225,111110000001100001100111100000000000100000000001100000010000000100000000000
226,1111100000011000011001111000000000001000000000011000000100000001000000000000
227,111110000001100001100111100000000000100000000001100000010000000100000000000001
228,11111000000110000110011110000000000010000000000110000001000000010000000000000
229,111110000001100001100111100000000000100000000001100000010000000101
230,1111100000011000011001111000000000001000000000011000000100000001010
231,11111000000110000110011110000000000010000000000110000001000000010100
232,111110000001100001100111100000000000100000000001100000010000000101000
233,1111100000011000011001111000000000001000000000011000000100000001010000
234,11111000000110000110011110000000000010000000000110000001000000010100000
235,111110000001100001100111100000000000100000000001100000010000000101000000
236,1111100000011000011001111000000000001000000000011000000100000001010000000
237,11111000000110000110011110000000000010000000000110000001000000010100000000
238,111110000001100001100111100000000000100000000001100000010000000101000000000
239,1111100000011000011001111000000000001000000000011000000100000001010000000000
240,11111000000110000110011110000000000010000000000110000001000000010100000000000
241,111110000001100001100111100000000000100000000001100000010000000101000000000000
242,1111100000011000011001111000000000001000000000011000000100000001010000000000000
243,11111000000110000110011110000000000010000000000110000001000000010100000000000000
244,111110000001100001100111100000000000100000000001100000010000000101000000000000000
245,1111100000011000011001111000000000001000000000011000000100000001010000000000000001
246,11111000000110000110011110000000000010000000000110000001000000010100000000000000011
247,111110000001100001100111100000000000100000000001100000010000000101000000000000000110
248,1111100000011000011001111000000000001000000000011000000100000001010000000000000001101
249,11111000000110000110011110000000000010000000000110000001000000010100000000000000011011
250,111110000001100001100111100000000000100000000001100000010000000101000000000000000110110
251,111110000001100001100111100000000000100000000001100000010000000101000000000000001
252,1111100000011000011001111000000000001000000000011000000100000001010000000000000010
253,11111000000110000110011110000000000010000000000110000001000000010100000000000000100
254,111110000001100001100111100000000000100000000001100000010000000101000000000000001000
255,1111100000011000011001111000000000001000000000011000000100000001010000000000000010000
256,11111000000110000110011110000000000010000000000110000001000000010100000000000000100000
257,111110000001100001100111100000000000100000000001100000010000000101000000000000001000000
258,1111100000011000011001111000000000001000000000011000000100000001010000000000000010000001
259,11111000000110000110011110000000000010000000000110000001000000010100000000000000100000010
260,11111000000110000110011110000000000010000000000110000001000000010100000000000001
261,111110000001100001100111100000000000100000000001100000010000000101000000000000010
262,1111100000011000011001111000000000001000000000011000000100000001010000000000000100
263,11111000000110000110011110000000000010000000000110000001000000010100000000000001000
264,111110000001100001100111100000000000100000000001100000010000000101000000000000010000
265,1111100000011000011001111000000000001000000000011000000100000001010000000000000100000
266,11111000000110000110011110000000000010000000000110000001000000010100000000000001000000
267,111110000001100001100111100000000000100000000001100000010000000101000000000000010000000
268,1111100000011000011001111000000000001000000000011000000100000001010000000000000100000000
269,11111000000110000110011110000000000010000000000110000001000000010100000000000001000000000
270,111110000001100001100111100000000000100000000001100000010000000101000000000000010000000000
271,1111100000011000011001111000000000001000000000011000000100000001010000000000000100000000000
272,11111000000110000110011110000000000010000000000110000001000000010100000000000001000000000000
273,111110000001100001100111100000000000100000000001100000010000000101000000000000010000000000000
274,11111000000110000110011110000000000010000000000110000001000000010100000000000001000000000000010
275,111110000001100001100111100000000000100000000001100000010000000101000000000000010000000000000100
276,1111100000011000011001111000000000001000000000011000000100000001010000000000000100000000000001000
277,11111000000110000110011110000000000010000000000110000001000000010100000000000001000000000000010000
278,111110000001100001100111100000000000100000000001100000010000000101000000000000010000000000000100000
279,1111100000011000011001111000000000001000000000011000000100000001010000000000000100000000000001000000
280,111110000001100001100111100000000000100000000001100000010000000101000000000000010000000000000101
281,1111100000011000011001111000000000001000000000011000000100000001010000000000000100000000000001010
282,11111000000110000110011110000000000010000000000110000001000000010100000000000001000000000000010100
283,111110000001100001100111100000000000100000000001100000010000000101000000000000010000000000000101000
284,1111100000011000011001111000000000001000000000011000000100000001010000000000000100000000000001010000
285,11111000000110000110011110000000000010000000000110000001000000010100000000000001000000000000010100001
286,111110000001100001100111100000000000100000000001100000010000000101000000000000010000000000000101000010
287,1111100000011000011001111000000000001000000000011000000100000001010000000000000100000000000001010000101
288,11111000000110000110011110000000000010000000000110000001000000010100000000000001000000000000010100001011
289,111110000001100001100111100000000000100000000001100000010000000110000000000111000000010000
290,1111100000011000011001111000000000001001000000
291,11111000000110000110011110000000000010010000000
292,1111100000011000011001111000000000001001000010
293,11111000000110000110011110000000000010010000100
294,111110000001100001100111100000000000100100001001
295,1111100000011000011001111000000000001001000011
296,11111000000110000110011110000000000010010000110
297,1111100000011000011001111000000000001000000000011000000100000010100000000000000000000000000010
298,11111000000110000110011110000000000010000000000110000001000000101000000000000000000000000000100
299,11111000000110000110011110000000000010000000000110000001000000101000000000000000000000000000010000001
300,111110000001100001100111100000000000100000000001100000010000001010000000000000000000000000000100000010
301,1111100000011000011001111000000000001000000000011000000100000010100000000000000000000000000001000000100
302,1111100000011000011001111000000000001000000000011000000100000010100000000000000000000000000001000000001
303,1111100000011000011001111000000000001000000000011000000100000001100000000001110000000100000000000000
304,1111100000011000011001111000000000001000000000011000000100000001010000000000000100000000000001010000101100000
305,111110000001100001100111100000000000100000000001100000010000001010000000000000000000000000000001
306,11111000000110000110011110000000000010000000000110000001000000101000000000000000011
307,1111100000011000011001111000000000001000000000011000000100000010100000000000000001
308,1111100000011000011001111000000001
309,11111000000110000110100000
310,111110000001100001101000010
311,1111100000011000011001111000000000010
312,111110000001100001100111100000000000100000000001100000010000000101000000000000010000000000000101000010110
313,1111100000011000011001111000000000001000000000011000000100000001010000000000000100000000000001010000101100
314,11111000000110000110011110000000000010000000000110000001000000010100000000000001000000000000010100001011000
315,111110000001100001100111100000000000100000000001100000010000000101000000000000010000000000000101000010110000
316,1111100000011000011001111000000000001000000000011000000100000001010000000000000100000000000001010000101100001
317,11111000000110000110011110000000000010000000000110000001000000010100000000000001000000000000010100001011000010
318,111110000001100001100111100000000000100000000001100000010000000101000000000000010000000000000101000010110000100
319,1111100000011000011001111000000000001000000000011000000100000001010000000000000100000000000001010000101100001000
320,11111000000110000110011110000000000010000000000110000001000000010100000000000001000000000000010100001011000010001
321,111110000001100001100111100000000000100000000001100000010000000101000000000000010000000000000101000010110001
322,1111100000011000011001111000000000001000000000011000000100000001010000000000000100000000000001010000101100010
323,11111000000110000110011110000000000010000000000110000001000000010100000000000001000000000000010100001011000100
324,111110000001100001100111100000000000100000000001100000010000000101000000000000010000000000000101000010110001000
325,1111100000011000011001111000000000001000000000011000000100000001010000000000000100000000000001010000101100010000
326,11111000000110000110011110000000000010000000000110000001000000010100000000000001000000000000010100001011000100000
327,111110000001100001100111100000000000100000000001100000010000000101000000000000010000000000000101000010110001000000
328,1111100000011000011001111000000000001000000000011000000100000001010000000000000100000000000001010000101100010000001
329,11111000000110000110011110000000000010000000000110000001000000010100000000000001000000000000010100001011000100000010
330,111110000001100001100111100000000000100000000001100000010000000101000000000000010000000000000101000010110001000000100
331,1111100000011000011001111000000000001000000000011000000100000001010000000000000100000000000001010000101100010000001000
332,11111000000110000110011110000000000010000000000110000001000000010100000000000001000000000000010100001011000100000010000
333,111110000001100001100111100000000000100000000001100000010000000101000000000000010000000000000101000010110001000000100000
334,11111000000110000110011110000000000010000000000110000001000000010100000000000001000000000000010100001011000100000011
335,111110000001100001100111100000000000100000000001100000010000000101000000000000010000000000000101000010110001000000110
336,1111100000011000011001111000000000001000000000011000000100000001010000000000000100000000000001010000101100010000001100
337,11111000000110000110011110000000000010000000000110000001000000010100000000000001000000000000010100001011000100000011000
338,111110000001100001100111100000000000100000000001100000010000000101000000000000010000000000000101000010110001000000110000
339,1111100000011000011001111000000000001000000000011000000100000001010000000000000100000000000001010000101100010000001100001
340,11111000000110000110011110000000000010000000000110000001000000010100000000000001000000000000010100001011000100000011000010
341,111110000001100001100111100000000000100000000001100000010000000101000000000000010000000000000101000010110001000000110000100
342,1111100000011000011001111000000000001000000000011000000100000001010000000000000100000000000001010000101100010000001100001000
343,11111000000110000110011110000000000010000000000110000001000000010100000000000001000000000000010100001011000100000011000010000
344,111110000001100001100111100000000000100000000001100000010000000101000000000000010000000000000101000010110001000000110000100000
345,1111100000011000011001111000000000001000000000011000000100000001010000000000000100000000000001010000101100010000001100001000000
346,11111000000110000110011110000000000010000000000110000001000000010100000000000001000000000000010100001011000100000000
347,111110000001100001100111100000000000100000000001100000010000000101000000000000010000000000000101000010110001000000000
348,111110000001100001100111100000000000100000000001100000010000000101000000000000010000000001
349,1111100000011000011001111000000000001000000000011000000100000001010000000000000100000000010
350,11111000000110000110011110000000000010000000000110000001000000010100000000000001000000000100
351,111110000001100001100111100000000000100000000001100000010000000101000000000000010000000001000
352,1111100000011000011001111000000000001000000000011000000100000001010000000000000100000000010000
353,11111000000110000110011110000000000010000000000110000001000000010100000000000001000000000100000
354,111110000001100001100111100000000000100000000001100000010000000101000000000000010000000001000000
355,11111000000110000110011110000000000010000000000110000001000000011
356,111110000001100001100111100000000000100000000001100000010000000110
357,1111100000011000011001111000000000001000000000011000000100000001100
358,11111000000110000110011110000000000010000000000110000001000000011000
359,111110000001100001100111100000000000100000000001100000010000000110000
360,1111100000011000011001111000000000001000000000011000000100000001100000
361,11111000000110000110011110000000000010000000000110000001000000011000000
362,111110000001100001100111100000000000100000000001100000010000000110000000
363,1111100000011000011001111000000000001000000000011000000100000001100000000
364,11111000000110000110011110000000000010000000000110000001000000011000000000
365,111110000001100001100111100000000000100000000001100000010000000110000000000
366,1111100000011000011001111000000000001000000000011000000100000001100000000001
367,11111000000110000110011110000000000010000000000110000001000000011000000000011
368,111110000001100001100111100000000000100000000001100000010000000110000000000110
369,1111100000011000011001111000000000001000000000011000000100000001100000000001101
370,11111000000110000110011110000000000010000000000110000001000000011000000000011011
371,111110000001100001100111100000000000100000000001100000010000000110000000000110110
372,1111100000011000011001111000000000001000000000011000000100000001100000000001101100
373,11111000000110000110011110000000000010000000000110000001000000011000000000011011000
374,111110000001100001100111100000000000100000000001100000010000000110000000000110110000
375,1111100000011000011001111000000000001000000000011000000100000001100000000001101100000
376,1111100000011000011001111000000000001000000000011000000100000001100000000001101100000101
377,11111000000110000110011110000000000010000000000110000001000000011000000000011011000001010
378,111110000001100001100111100000000000100000000001100000010000000110000000000110110000010100
379,1111100000011000011001111000000000001000000000011000000100000001100000000001101100000101000
380,11111000000110000110011110000000000010000000000110000001000000011000000000011011000001010000
381,111110000001100001100111100000000000100000000001100000010000000110000000000110110000010100000
382,1111100000011000011001111000000000001000000000011000000100000001100000000001101100000101000001
383,111110000001100001100111100000000000100000000001100000010000000110000000000111
384,1111100000011000011001111000000000001000000000011000000100000001100000000001110
385,11111000000110000110011110000000000010000000000110000001000000011000000000011100
386,111110000001100001100111100000000000100000000001100000010000000110000000000111000
387,1111100000011000011001111000000000001000000000011000000100000001100000000001110000
388,11111000000110000110011110000000000010000000000110000001000000011000000000011100000
389,111110000001100001100111100000000000100000000001100000010000000110000000000111000000
390,1111100000011000011001111000000000001000000000011000000100000001100000000001110000000
391,11111000000110000110011110000000000010000000000110000001000000011000000000011100000000
392,111110000001100001100111100000000000100000000001100000010000000110000000000111000000000
393,1111100000011000011001111000000000001000000000011000000100000001100000000001110000000000
394,11111000000110000110011110000000000010000000000110000001000000011000000000011100000000000
395,111110000001100001100111100000000000100000000001100000010000000110000000000111000000000000
396,1111100000011000011001111000000000001000000000011000000100000001100000000001110000000000000
397,11111000000110000110011110000000000010000000000110000001000000011000000000011100000000000000
398,111110000001100001100111100000000000100000000001100000010000000110000000000111000000000000000
399,1111100000011000011001111000000000001000000000011000000100000001100000000001110000000000000000
400,11111000000110000110011110000000000010000000000110000001000000011000000000011100000000000000000
401,111110000001100001100111100000000000100000000001100000010000000110000000000111000000000000000000
402,1111100000011000011001111000000000001000000000011000000100000001100000000001110000000000000000000
403,11111000000110000110011110000000000010000000000110000001000000011000000000011100000000000000000000
404,111110000001100001100111100000000000100000000001100000010000000110000000000111000000000000000000000
405,1111100000011000011001111000000000001000000000011000000100000001100000000001110000000000000000000000
406,11111000000110000110011110000000000010000000000110000001000000011000000000011100000000000000000000000
407,111110000001100001100111100000000000100000000001100000010000000110000000000111000000000000000000000000
408,1111100000011000011001111000000000001000000000011000000100000001100000000001110000000000000000000000000
409,11111000000110000110011110000000000010000000000110000001000000011000000000011100000000000000000000000000
410,111110000001100001100111100000000000100000000001100000010000000110000000000111000000000000000000000000000
411,11111000000110000110011110000000000010000000000110000001000000011000000000011100000000000000000000000000011
412,1111100000011000011001111000000000001000000000011000000100000001100000000001110000000000000000000000000001
413,111110000001100001100111100000000000100000000001100000010000000110000000000111000000000000000000000000000110
414,1111100000011000011001111000000000001000000000011000000100000001100000000001110000000000000000000000000001101
415,11111000000110000110011110000000000010000000000110000001000000011000000000011100000000000000000000000000011010
416,111110000001100001100111100000000000100000000001100000010000000110000000000111000000000000000000000000000110100
417,1111100000011000011001111000000000001000000000011000000100000001100000000001110000000000000000000000000001101000
418,11111000000110000110011110000000000010000000000110000001000000011000000000011100000000000000000000000000011010000
419,111110000001100001100111100000000000100000000001100000010000000110000000000111000000000000000000000000000110100000
420,1111100000011000011001111000000000001000000000011000000100000001100000000001110000000000000000000000000001101000000
421,11111000000110000110011110000000000010000000000110000001000000011000000000011100000000000000000000000000011010000000
422,111110000001100001100111100000000000100000000001100000010000000110000000000111000000000000000000000000000110100000000
423,1111100000011000011001111000000000001000000000011000000100000001100000000001110000000000000000000000000001101000000001
424,11111000000110000110011110000000000010000000000110000001000000011000000000011100000000000000000000000000011010000000010
425,111110000001100001100111100000000000100000000001100000010000000110000000000111000000000000000000000000000110100000000100
426,1111100000011000011001111000000000001000000000011000000100000001100000000001110000000000000000000000000001101000000001000
427,11111000000110000110011110000000000010000000000110000001000000011000000000011100000000000000000000000000011010000000010001
428,111110000001100001100111100000000000100000000001100000010000000110000000000111000000000000000000000000000110100000000100010
429,1111100000011000011001111000000000001000000000011000000100000001100000000001110000000000000000000000000001101000000001000101
430,11111000000110000110011110000000000010000000000110000001000000011000000000011100000000000000000000000000011010000000010001010
431,11111000000110000110011110000000000010000000000110000001000000011000000000011100000000000000000000000001
432,1111100000011000011001111000000000001000000000011000000100000001100000000001110000000000000000000000000111
433,111110000001100001100111100000000000100000000001100000010000000110000000000111000000000000000000000000011
434,11111000000110000110011110000000000010000000000110000001000000011000000000011100000000000000000000000001110
435,111110000001100001100111100000000000100000000001100000010000000110000000000111000000000000000000000000011100
436,1111100000011000011001111000000000001000000000011000000100000001100000000001110000000000000000000000000111000
437,11111000000110000110011110000000000010000000000110000001000000011000000000011100000000000000000000000001110000
438,111110000001100001100111100000000000100000000001100000010000000110000000000111000000000000000000000000011100000
439,1111100000011000011001111000000000001000000000011000000100000001100000000001110000000000000000000000000111000000
440,11111000000110000110011110000000000010000000000110000001000000011000000000011100000000000000000000000001110000000
441,111110000001100001100111100000000000100000000001100000010000000110000000000111000000000000000000000000011100000000
442,1111100000011000011001111000000000001000000000011000000100000001100000000001110000000000000000000000000111000000000
443,11111000000110000110011110000000000010000000000110000001000000011000000000011100000000000000000000000001110000000000
444,111110000001100001100111100000000000100000000001100000010000000110000000000111000000000000000000000000011100000000000
445,1111100000011000011001111000000000001000000000011000000100000001100000000001110000000000000000000000000111000000000000
446,11111000000110000110011110000000000010000000000110000001000000011000000000011100000000000000000000001
447,111110000001100001100111100000000000100000000001100000010000000110000000000111000000000000000000000010
448,1111100000011000011001111000000000001000000000011000000100000001100000000001110000000000000000000000100
449,11111000000110000110011110000000000010000000000110000001000000011000000000011100000000000000000000001000
450,111110000001100001100111100000000000100000000001100000010000000110000000000111000000001
451,1111100000011000011001111000000000001000000000011000000100000001100000000001110000000010
452,11111000000110000110011110000000000010000000000110000001000000011000000000011100000000100
453,111110000001100001100111100000000000100000000001100000010000000110000000000111000000001000
454,1111100000011000011001111000000000001000000000011000000100000001100000000001110000000010000
455,11111000000110000110011110000000000010000000000110000001000000011000000000011100000000100000
456,1111100000011000011001111000000000001000000000011000000100000001100000000001110000000010000011
457,11111000000110000110011110000000000010000000000110000001000000011000000000011100000000100000110
458,111110000001100001100111100000000000100000000001100000010000000110000000000111000000001000001100
459,1111100000011000011001111000000000001000000000011000000100000001100000000001110000000010000011000
460,11111000000110000110011110000000000010000000000110000001000000011000000000011100000000100000110000
461,111110000001100001100111100000000000100000000001100000010000000110000000000111000000001000001100000
462,11111000000110000110011110000000000010000000000110000001000000011000000000011100000001
463,111110000001100001100111100000000000100000000001100000010000000110000000000111000000010
464,1111100000011000011001111000000000001000000000011000000100000001100000000001110000000100
465,11111000000110000110011110000000000010000000000110000001000000011000000000011100000001000
466,1111100000011000011001111000000000001000000000011000000100000001100000000001110000000100000
467,11111000000110000110011110000000000010000000000110000001000000011000000000011100000001000000
468,111110000001100001100111100000000000100000000001100000010000000110000000000111000000010000000
469,1111100000011000011001111000000000001000000000011000000100000001100000000001110000000100000000
470,11111000000110000110011110000000000010000000000110000001000000011000000000011100000001000000000
471,111110000001100001100111100000000000100000000001100000010000000110000000000111000000010000000000
472,1111100000011000011001111000000000001000000000011000000100000001100000000001110000000100000000000
473,11111000000110000110011110000000000010000000000110000001000000011000000000011100000001000000000000
474,111110000001100001100111100000000000100000000001100000010000000110000000000111000000010000000000000
475,1111100000011000011001111000000000001000000000011000000100000001100000000001110000000100000000000001
476,11111000000110000110011110000000000010000000000110000001000000011000000000011100000001000000000000010
477,111110000001100001100111100000000000100000000001100000010000000110000000000111000000010000000000000100
478,111110000001100001100111100000000000100000000001100000010000000110000000000111000000010000000000000100101
479,1111100000011000011001111000000000001000000000011000000100000001100000000001110000000100000000000001001010
480,11111000000110000110011110000000000010000000000110000001000000011000000000011100000001000000000000010010100
481,111110000001100001100111100000000000100000000001100000010000000110000000000111000000010000000000000100101000
482,111110000001100001100111100000000000100000000001100000000000
483,1111100000011000011001111000000000001000000000011000000000000
484,1111100000011000011001111000000000001000000000011000000001
485,11111000000110000110011110000000000010000000000110000000010
486,111110000001100001100111100000000000100000000001100000000100
487,1111100000011000011001111000000000001000000000011000000001000
488,11111000000110000110011110000000000010000000000110000000010000
489,111110000001100001100111100000000000100000000001100000000100000
490,1111100000011000011001111000000000001000000000011000000001000000
491,111110000001100001100111100000000000100000001
492,1111100000011000011001111000000000001000000011
493,1111100000011000011001111000000000001001
494,11111000000110000110011110000000000010010
495,111110000001100001100111100000000000100100
496,1111100000011000011001111000000000001001000
497,11111000000110000110011110000000000010010000
498,111110000001100001100111100000000000100100000
499,111110000001100001100111100000001
500,1111100000011000011001111000000010
501,111110000001100001101
502,1111100000011000011010
503,11111000000110000110100
504,111110000001100001101000
505,1111100000011000011010000
506,11111000000110000110100001
507,111110000001100001101000011
508,1111100000011000011010001
509,11111000000110000110100010
510,111110000001100001101000100
511,1111100000011000011010001000
512,11111000000110001
513,111110000001100010
514,1111100000011000011001111000000000001000000000011000000100000001100000000001110001
515,11111000000110000110011110000000000010000000000110000001000000011000000000011100010
516,111110000001100001100111100000000000100000000001100000010000000110000000000111000100
517,1111100000011000011001111000000000001000000000011000000100000001100000000001110001000
518,11111000001
519,111110000010
520,1111100000100
521,11111000001000
522,11111000000110000110011110000000000010000000000110000001000000010100000000000001000001
523,111110000001100001100111100000000000100000000001100000010000000101000000000000010000010
524,1111100000011000011001111000000000001000000000011000000100000001010000000000000100000100
525,11111000000110000110011110000000000010000000000110000001000000010100000000000001000001000
526,1111100000011000011001111000000000001000000000011000000100000001010000000000000100000100001
527,111110000001100001100111100000000000100000000001100000010000000101000000000000010000010000
528,1111100000011000011001111000000000001000000000011000000100000001010000000000000100000000000001010000101100010001
529,11111000000110000110011110000000000010000000000110000001000000010100000000000001000000000000010100001011000100010
530,111110000001100001100111100000000000100000000001100000010000000101000000000000010000000000000101000010110001000000001
531,1111100000011000011001111000000000001000000000011000000100000001010000000000000100000000000001010000101100010000000010
532,11111000000110000110011110000000000010000000000110000001000000010100000000000001000000000000010100001011000100000000100
533,111110000001100001100111100000000000100000000001100000010000000110000000000111000000010000000000000101
534,1111100000011000011001111000000000001000000000011000000100000001100000000001110000000100000000000001010
535,11111000000110000110011110000000000010000000000110000001000000011000000000011100000001000000000000010101
536,111110000001100001100111100000000000100000000001100000010000000110000000000111000000010000000000000101010
537,1111100000011000011001111000000000001000000000011000000100000001100000000001110000000100000000000001010100
538,11111000000110000110011110000000000010000000000110000001000000011000000000011100000001000000000000010101000
539,111110000001100001100111100000000000100000000001100000010000000110000000000111000000010000000000000101010000
540,1111100000011000011001111000000000001000000000011000000100000001100000000001110000000100000000000001010100000
541,11111000000110000110011110000000000010000000000110000001000000011000000000011100000001000000000000010101000001
542,11111000000110000110011110000000000010000000000110000001000000011000000000011100000001000000000001
543,111110000001100001100111100000000000100000000001100000010000000110000000000111000000010000000000010
544,1111100000011000011001111000000000001000000000011000000100000001100000000001110000000100000000000100
545,11111000000110000110011110000000000010000000000110000001000000011000000000011100000001000000000001000
546,111110000001100001100111100000000000100000000001100000010000000110000000000111000000010000000000010000
547,1111100000011000011001111000000000001000000000011000000100000001100000000001110000000100000000000100000
548,111110000001100001100111100000000000100000000001100000010000000110000000000111000000010000001
549,1111100000011000011001111000000000001000000000011000000100000001100000000001110000000100000010
550,11111000000110000110011110000000000010000000000110000001000000011000000000011100000001000000100
551,111110000001100001100111100000000000100000000001100000010000000110000000000111000000010000001000
552,1111100000011000011001111000000000001000000000011000000100000001100000000001110000000100000010000
553,11111000000110000110011110000000000010000000000110000001000000011000000000011100000001000000100000
554,111110000001100001100111100000000000100000000001100000010000000110000000000111000000010000001000000
555,1111100000011000011001111000000000001000000000011000000100000001100000000001110000000100000010000000
556,11111000000110000110011110000000000010000000000110000001000000011000000000011100000001000000100000000
557,1111100000011000011001111000000000001000000000011000000100000001100000000001110000000101
558,11111000000110000110011110000000000010000000000110000001000000011000000000011100000001010
559,111110000001100001100111100000000000100000000001100000010000000110000000000111000000010100
560,1111100000011000011001111000000000001000000000011000000100000001100000000001110000000101000
561,11111000000110000110011110000000000010000000000110000001000000011000000000011100000001010000
562,111110000001100001100111100000000000100000000001100000010000000110000000000111000000010100000
563,1111100000011000011001111000000000001000000000011000000100000001100000000001110000000101000000
564,1111100000011000011001111000000000001000000000011000000100000001100000000001111
565,11111000000110000110011110000000000010000000000110000001000000011000000000011110
566,111110000001100001100111100000000000100000000001100000010000000110000000000111100
567,11111000000110000110011110000000000010000000000110000001000000011000000000011110001
568,1111100000011000011001111000000000001000000000011000000100000001100000000001111000
569,111110000001100001100111100000000000100000000001100000010000000110000000000111000000000000000000000000000110100000000101
570,1111100000011000011001111000000000001000000000011000000100000001100000000001110000000000000000000000000001101000000001010
571,11111000000110000110011110000000000010000000000110000001000000011000000000011100000000000000000000000000011010000000010100
572,111110000001100001100111100000000000100000000001100000010000000110000000000111000000000000000000000000000110100000000101000
573,1111100000011000011001111000000000001000000000011000000100000001100000000001110000000000000000000000000001101000000001010000
574,11111000000110000110011110000000000010000000000110000001000000011000000000011100000000000000000000000000011010000000010100000
575,111110111
576,11111011
577,1111101
578,111110000001100001100111100000000000100000000001100000010000000110000000000111000000000000000000000000000111
579,1111100000011000011001111000000000001000000000011000000100000001100000000001110000000000000000000000000001111
580,111110000001100001100111100000000000100000000001100000010000000100001
581,1111100000011000011001111000000000001000000000011000000100000001000010
582,11111000000110000110011110000000000010000000000110000001000000010000100
583,111110000001100001100111100000000000100000000001100000010000000100001000
584,11111000000110000110011110000000000010000000000110000001000000010100000000000001000000000000010100001011000100000011000010001
585,111110000001100001100111100000000000100000000001100000010000000101000000000000010000000000000101000010110001000000110000100010
586,1111100000011000011001111000000000001000000000011000000100000001010000000000000100000000000001010000101100010000001100001000100
587,111110000001100001100111100000000000100100001
588,1111100000011000011001111000000000001001000001
589,11111000000110000110011110000000000010010000010
590,1111100000011000011001111000000000001000000000011000000100000010100101
591,111110000001100001100111100000000000100000000001100000010000001010010101
592,11111000000110000110011110000000000010000000000110000001000000101001010
593,11111000000110000110011110000000000010000000000110000001000000101000000000000000000000000001
594,111110000001100001100111100000000000100000000001100000010000001010000000000000000000000000010
595,1111100000011000011001111000000000001000000000011000000100000010100000000000000000000000000100
596,11111000000110000110011110000000000010000000000110000001000000101000000000000000000000000001000
597,111110000001100001100111100000000000100000000001100000010000001010000000000000000000000000010000
598,111110000001100001100111100000000000100000000001100000010000001010000000000000000000000000001
599,11111000000110000110011110000000000010000000000110000001000000010100000000000001000000000000010100001011000000
600,111110000001100001100111100000000000100000000001100000010000000101000000000000010000000000000101000010110000000
601,111110000001100001100111100000000000100000000001100000010000000101000000000000010000000000000101000010110001000001
602,111110000001100001100111100000000000100000000001100000010000000101000000000000010000000000000101000010110001000000111
603,1111100000011000011001111000000000001000000000011000000100000001010000000000000100000000000001010000101100010000001110
604,11111000000110000110011110000000000010000000000110000001000000010100000000000001000000000000010100001011000100000011100
605,111110000001100001100111100000000000100000000001100000010000000101000000000000010000000000000101000010110001000000111000
606,111110000001100001100111100000000000100000000001100000010000000101000000000000010001
607,1111100000011000011001111000000000001000000000011000000100000001010000000000000100010
608,11111000000110000110011110000000000010000000000110000001000000010100000000000001000100
609,111110000001100001100111100000000000100000000001100000010000000101000000000000010001000
610,1111100000011000011001111000000000001000000000011000000100000001010000000000000100010000
611,11111000000110000110011110000000000010000000000110000001000000010100000000000001000100001
612,111110000001100001100111100000000000100000000001100000010000000101000000000000010001000011
613,11111000000110000110011110000000000010000000000110000001000000010100000000000001000000000000010100001011000100000011001
614,1111100000011000011001111000000000001000000000011000000100000001010000000000000100000000000001010000101100010000001100001001
615,11111000000110000110011110000000000010000000000110000001000000010100000000000001000000000000010100001011000100000011000010000000001
616,111110000001100001100111100000000000100000000001100000010000000101000000000000010000000000000101000010110001000000110000100000000010
617,111110000001100001100111100000000000100000000001100000010000000110000000000111000001
618,1111100000011000011001111000000000001000000000011000000100000001100000000001110000000000000000000000000001101000000001000000
619,111110000001100001100111100000000000100000000001100000010000000110000000000111000000000000000000000000000110100000000100000011
620,111110000001100001100111100000000000100000000001100000010000000110000000000111000000000000000000000000000110100000000100011
621,1111100000011000011001111000000000001000000000011000000100000001100000000001110000000000000000000000000001101000000001000111
622,11111000000110000110011110000000000010000000000110000001000000011000000000011100000000000000000000000000011010000000011
623,111110000001100001100111100000000000100000000001100000010000000110000000000111000000000000000000000000000110100000000110
624,1111100000011000011001111000000000001000000000011000000100000010100000000000000000000000000001000000000001
625,111110000001100001100111100000000000100000000001100000010000001010000000000000000000000000000100000000001
626,11111000000110000110011110000000000010000000000110000001000000101000000000000000000000000000010000000001
627,11111001
628,111110001
629,1111100001
630,111111
631,1111100000011000011001111000000000001000000000011000000100000010100000000000000000000000000001000000101
632,111110000011
633,1111100000011010
634,1111100000011011
635,111110000001100001100111100000000000100000000001100000010000001010000000000000000000000000010001
636,111110000001101
637,111110000001100001100111100000000000100000000001100000010000001010000000000000000000000000000100000011
638,111110000001100001100111100000000000100000000001100000010000001010000000000000000000000000000100000001
639,11111000000111
640,111110000001100011
641,11111000000110000110011110000000000010000000000110000001000000101000000000000000000000000001001
642,11111000001001
643,1111100000011000011001111000000000001000000000011000000100000010100000000000000000000000000101
644,1111100000011000011001111000000000001000000000011000000100000010100000000000000000000000000001000001
645,1111100000101
646,1111100000011001
647,11111000000110000110011110000000000010000000000110000001000000101000000000000000000000000000010000010
648,111110000001100001100111100000000000100000000001100000010000001010000000000000000000000000000100001
649,11111000000110000110011110000000000010000000000110000001000000101000000000000000000000000000010001
650,11111000000110000110011110000000000010000000000110000001000000101000000000000000000000000000010000011
651,1111100000011000011001111000000000001000000000011000000100000010100000000000000000000000000110
652,1111100000011000011001111000000000001000000000011000000100000010100000000000000000000000000111
653,11111000000110000111
654,111110000001100001100111100000000000100000000001100000010000001010000000000000000000000000011
655,11111000000110000110110
656,11111000000110000110011110000000000010000000000110000001000000101000000000000000000000000000011
657,1111100000011000011001111000000000001000000000011000000100000010100000000000000000000000001
658,11111000000110000110111
659,1111100000011000011001111000000000001000000000011000000100000010100000000000000000000000000001001
660,1111100000011000011011
661,11111000000110000110011110000100
662,11111000000110000110011110000101
663,11111000000110000110101
664,111110000001100001100111100000000000100000000001100000010000001010000000000000000000000001
665,11111000000110000110011110000000000010000000000110000001000000101000000000000000000000001
666,111110000001100001100111101
667,111110000001100001100111100000000000100000000001100000010000001010000000000000000000000000000101
668,1111100000011000011001111001
669,11111000000110000110011110000110
670,1111100000011000011001111000010
671,1111100000011000011001111000011
672,11111000000110000110011110000111
673,111110000001100001101000101
674,11111000000110000110011110000000000010000000000110000001000000101000000000000000000000011
675,1111100000011000011001111000000000001000000000011000000100000010100000000000000000000001
676,1111100000011000011010001001
677,111110000001100001100111100001
678,1111100000011000011001111000000000001000000000011000000100000010100000000000000000000101
679,111110000001100001100111100000000000100000000001100000010000001010000000000000000000010
680,11111000000110000110011111
681,11111000000110000110011110000000000010000000000110000001000000101000000000000000000000000000101
682,1111100000011000011001111000001
683,111110000001100001100111100000000000100000000001100000010000001010000000000000000000011
684,11111000000110000110011110000000000010000000000110000001000000101000000000000000000000000000001
685,11111000000110000110011110000000000010000000000110000001000000101000000000000000000001
686,1111100000011000011001111000000000001000000000011000000100000010100000000000000000000000000011
687,11111000000110000110011110000001
688,11111000000110000110100011
689,111110000001100001100111100000000000100000000001100000010000001010000000000000000000001
690,1111100000011000011001111000000000001000000000011000000100000010100000000000000000001
691,11111000000110000110011110000000000010000000000110000001000000101000000000000000000011
692,111110000001100001100111100000000000100000000001100000010000001010000000000000001000
693,1111100000011000011001111000000000001000000000011000000100000010100000000000000010001
694,11111000000110000110011110001
695,111110000001100001101001
696,1111100000011000011001111000000000011
697,11111000000110000110011110000000000000001
698,111110000001100001100111100000000001
699,111110000001100001100111100000000000100000000001100000010000001010000000000000000001
700,1111100000011000011001111000000000001000000000011000000100000010100000000000000000010
701,111110000001100001100111100000000000100000000001100000010000001010000000000000001001
702,11111000000110000110011110000000000010000000000110000001000000101000000000000000100
703,11111000000110000110011110000000000010000000000110000001000000101000000000000000101
704,1111100000011000011001111000000000001000000000011000000100000010100000000000000000011
705,11111000000110000110011110000000000010000000000110000001000000101000000000000000000110
706,111110000001100001100111100000000000001
707,11111000000110000110011110000000000010000000000110000001000000101000000000000000001
708,1111100000011000011001111000000000000000001
709,111110000001100001100111100000000000100000000001100000010000001010000000000000001010
710,1111100000011000011001111000000000001000000000011000000100000010100000000000000000000000000000001
711,11111000000110000110011110000000000010000000000110000001000000101000000000000000000111
712,1111100000011000011001111000000000001000000000011000000100000010100000000000000010
713,11111000000110000110011110000000000010000000000110000001000000101000000000000000000000000000000001
714,111110000001100001100111100000000000000001
715,111110000001100001100111100000000000100000000001100000010000001010000000000000001
716,111110000001100001100111100000000011
717,11111000000110000110011110000000001
718,11111000000110000110011110000000000010000000000110000001000000101000000000101
719,1111100000011000011001111000000000001000000000011000000100000010100000000010
720,111110000001100001101000000
721,11111000000110000110011110000000000001
722,1111100000011000011001111000000000000001
723,11111000000110000110011110000000000010000000000110000001000000101000000000000001
724,111110000001100001100111100000000000100000000001100000010000001010000000000000001011
725,1111100000011000011001111000000011
726,111110000001100001100111100000000000100000000001100000010000001010000000010
727,1111100000011000011001111000000000001000000000011000000100000010100000000110
728,11111000000110000110011110000000000010000000011
729,1111100000011000011001111000000000001000000001
730,1111100000011000011001111000000000001000000000011010
731,11111000000110000110011110000000000010000000000110101
732,11111000000110000110011110000000000010000000000110000001000000101000000001100
733,11111000000110000110011110000000000010000000000110000001000000100100
734,11111000000110000110011110000000000010000000000110000001000000100101
735,11111000000110000110011110000000000010000000000110000001000000101000000001101
736,1111100000011000011001111000000000001000000000011011
737,11111000000110000110011110000000000010000000000110111
738,111110000001100001100111100000000000100000000001100000010000001010001
739,111110000001100001100111100000000000100000000011
740,11111000000110000110011110000000000010000000001
741,1111100000011000011001111000000000001000000000011000000100000010010
742,111110000001100001100111100000000000100000000001100000010000001000
743,1111100000011000011001111000000000001000000000011000000100000010001
744,11111000000110000110011110000000000010000000000110011
745,1111100000011000011001111000000000001000000000011001
746,111110000001100001100111100000000000100000000001101
747,11111000000110000110011110000000000010010000111
748,11111000000110000110011110000000000010000000000110000001000000101000000000000010110001
749,111110000001100001100111100000000000100000000001100001
750,1111100000011000011001111000000000001000000000011000011
751,11111000000110000110011110000000000010010000101
752,1111100000011000011001111000000000001000000000011000001
753,1111100000011000011001111000000000001000000000011000000100000010111
754,111110000001100001100111100000000000100000000001100000010000001011
755,11111000000110000110011110000000000010000000000110000001001
756,111110000001100001100111100000000000100000000001100000010011
757,11111000000110000110011110000000000010000000000110000001000000101010
758,1111100000011000011001111000000000001000000000011000000100000010101
759,1111100000011000011001111000000000001000000000011000000100000001100000000001110000000100000000000001001010000001
760,111110000001100001100111100000000000100000000001100000010000000110000000000111000000010000000000000100101001
761,111110000001100001100111100000000000100000000001100000010000000110000000000110110010
762,111110000001100001100111100000000000100000000001100000010000000101000000000000000110110101
763,111110000001100001100111100000000000100000000001100000010000000101000000000000010001101
764,11111000000110000110011110000000000010000000000110000001000000010100000000000001000110
765,1111100000011000011001111000000000001000000000011000000100000001010000000000000101
766,11111000000110000110011110000000000010000000000110000001000000010100000000000001011
767,111110000001100001100111100000000000100000000001100000010000000110000000000111000000010000010
768,11111000000110000110011110000000000010000000000110000001000000010100000000000001001
769,111110000001100001100111100000000000100000000001100000010000000101000000000000010001111
770,11111000000110000110011110000000000010000000000110000001000000010100000000000001000111
771,11111000000110000110011110000000000010000000000110000001000000011000000000011100000000011
772,1111100000011000011001111000000000001000000000011000000100000001100000000001110000000001
773,111110000001100001100111100000000000100000000001100000010000000110000000000111000000000000000000000000001100
774,11111000000110000110011110000000000010000000000110000001000000011000000000011100000000000000000000000000110
775,11111000000110000110011110000000000010000000000110000001000000010100000000000001000000000100001
776,111110000001100001100111100000000000100000000001100000010000000101000000000000010000000000000100000110
777,1111100000011000011001111000000000001000000000011000000100000001010000000000000100000000000001000001101
778,111110000001100001100111100000000000100000000001100000010000000101000000000000010000000001000001
779,1111100000011000011001111000000000001000000000011000000100000001010000000000000100000000010000011
780,111110000001100001100111100000000000100000000001100000010000000101000000000000010000000000000100001
781,1111100000011000011001111000000000001000000000011000000100000001100000000001110000000000000000000000000011000
782,1111100000011000011001111000000000001000000000011000000100000001100000000001110000000000000000000000000010
783,1111100000011000011001111000000000001000000000011000000100000001010000000000000100000000000001010001
784,1111100000011000011001111000000000001000000000011000000100000001100000000001110000000000000000000000000011
785,111110000001100001100111100000000000100000000001100000010000000110000000000111000000000000000000000000001
786,1111100000011000011001111000000000001000000000011000000100000001010000000000000100000000000001010011
787,111110000001100001100111100000000000100000000001100000010000000101000000000000010000000000000101001
788,1111100000011000011001111000000000001000000000011000000100000001100000000001110000000000000000000000101
789,1111100000011000011001111000000000001000000000011000000100000001010000000000000100000000000001010000101100010000001100001000001
790,11111000000110000110011110000000000010000000000110000001000000010100000000000001000000000000010100001011000100000011000010000001
791,111110000001100001100111100000000000100000000001100000010000000101000000000000010000000000000101000010110001000000110000100000001
792,1111100000011000011001111000000000001000000000011000000100000001010000000000000100000000000001010000101100010000001100001000000001
793,111110000001100001100111100000000000100000000001100000010000000101000000000000010000000000000101000010110001000000110000100011
794,1111100000011000011001111000000000001000000000011000000100000001010000000000000100000000000001010000101100010000001100001000101
795,111110000001100001100111100000000000100000000001100000010000000101000000000000010000000000000101000010110001000000110000100000000001
796,111110000001100001101000001
797,111110000001100001100111100000000000100000000001100000010000001010000000000001
798,11111000000110000110011110000000000011
799,1111100000011000011001111000000000001000000000011000000100000010100000000000000011
800,11111000000110000110011110000000000010000000000110000001000000101000000000000000110
801,1111100000011000011001111000000000001000000000011000000100000010100000000011
802,1111100000011000011001111000000000001000000000011000000100000010100000001001
803,111110000001100001100111100000000000100000000001100000010000001010000000100
804,111110000001100001100111100000000000100000000001100000010000001010000000000000001111
805,11111000000110000110011110000000000010000000000110000001000000101000000000000000111
806,1111100000011000011001111000000000001000000000011000000100000010100000000001
807,111110000001100001100111100000000000101
808,11111000000110000110011110000000000010000000000110000001000000101000000000000011
809,11111000000110000110011110000000000010000000000110000001000000101000000000001
810,11111000000110000110011110000000000010001
811,11111000000110000110011110000000000010010000001
812,111110000001100001100111100000000000100000000001100000010000001010000000001
813,111110000001100001100111100000000000100000000001100000010000001010000000000000001100
814,111110000001100001100111100000000000100001
815,111110000001100001100111100000000000100000000001100000010000001010000000101
816,11111000000110000110011110000000000010000000000110000001000000101000000010
817,111110000001100001100111100000000000100000000000001
818,111110000001100001100111100000000000100000000000011
819,11111000000110000110011110000000000010000000000001
820,111110000001100001100111100000000000100101
821,11111000000110000110011110000000000010000000000110000001000000101000000001
822,111110000001100001100111100000000000100000000001100000010000001010000000011
823,11111000000110000110011110000000000010010001
824,1111100000011000011001111000000000001000000000011000000100000010100000000111
825,111110000001100001100111100000000000100000000001100000010000001010000000000000001101
826,1111100000011000011001111000000000001000000000001
827,1111100000011000011001111000000000001000000000011000000100000010100000001
828,11111000000110000110011110000000000010000000000110000001000000101000000011
829,111110000001100001100111100000000000100000000001100000010000001010000000000000101111
830,11111000000110000110011110000000000010000000000110000001000000101000000000000010111
831,11111000000110000110011110000000000010000001
832,1111100000011000011001111000000000001001001
833,111110000001100001100111100000000000100000000001100000010000001010000001
834,11111000000110000110011110000000000010000000000110000001000000101000001
835,111110000001100001100111100000000000100000000001100000010000001010000011
836,11111000000110000110011110000000000010010000011
837,1111100000011000011001111000000000001000001
838,111110000001100001100111100000000000100000000001100000010000001010000000000000101101
839,1111100000011000011001111000000000001000000000011000000100000010100001
840,1111100000011000011001111000000000001000000000011000000100000010011
841,11111000000110000110011110000000000010000000000111
842,11111000000110000110011110000000000010000000000110000001000000101001011
843,1111100000011000011001111000000000001000000000011000000100000010100000000000001011001
844,11111000000110000110011110000000000010011
845,11111000000110000110011110000000000010000000000110001
846,111110000001100001100111100000000000100000000001100011
847,111110000001100001100111100000000000100100001011
848,111110000001100001100111100000000000100000000001100000010000001001
849,111110000001100001100111100000000000100000000001100000010000001010100
850,11111000000110000110011110000000000010000000000110000001000000101001100001
851,1111100000011000011001111000000000001000000000011000000100000001100000000001110000000101000001
852,11111000000110000110011110000000000010000000000110000001000000101001101
853,1111100000011000011001111000000000001000000000011000000101
854,11111000000110000110011110000000000010000000000110000001000000111
855,1111100000011000011001111000000000001000000000011000000100000011
856,111110000001100001100111100000000000100000000001100000010000001010101
857,1111100000011000011001111000000000001000000000011000000100000010101011
858,111110000001100001100111100000000000100000000001100000010000001010011010
859,111110000001100001100111100000000000100000000001100000010001
860,111110000001100001100111100000000000100000000001100000001
861,11111000000110000110011110000000000010000000000110000001000000101001111
862,1111100000011000011001111000000000001000000000011000000100000010100111
863,111110000001100001100111100000000000100000000001100000000101
864,1111100000011000011001111000000000001000000000011000000001011
865,111110000001100001100111100000000000100000000001100000010000001010011011
866,11111000000110000110011110000000000010000000000110000001000001
867,111110000001100001100111100000000000100000000001100000010000011
868,1111100000011000011001111000000000001000000000011000000001001
869,1111100000011000011001111000000000001000000000011000000100000010100110001
870,111110000001100001100111100000000000100000000001100000010000000110000000000111000000010100001
871,111110000001100001100111100000000000100000000001100000010000000110000000000111000000010000001000000010
872,11111000000110000110011110000000000010000000000110000001000000101011
873,11111000000110000110011110000000000010000000000110000001000000011000000000011100000001000000100000001
874,111110000001100001100111100000000000100000000001100000010000000110000000000111000000010000001000000011
875,1111100000011000011001111000000000001000000000011000000001000001
876,111110000001100001100111100000000000100000000001100000011
877,11111000000110000110011110000000000010000000000110000001000000011000000000011100000001000000100011
878,1111100000011000011001111000000000001000000000011000000100000001100000000001110000000100000010001
879,11111000000110000110011110000000000010000000000110000001000000011000000000011100000001000000100001
880,1111100000011000011001111000000000001000000000011000000100001
881,11111000000110000110011110000000000010000000000110000000010001
882,111110000001100001100111100000000000100000000001100000000111
883,11111000000110000110011110000000000010000000000110000000011
884,1111100000011000011001111000000000001000000000011000000100000010100110011
885,111110000001100001100111100000000000100000000001100000010000001010011001
886,11111000000110000110011110000000000010000000000110000000001
887,1111100000011000011001111000000000001000000000011000000100000001100000000001110000000100000010000001
888,1111100000011000011001111000000000001000000000011000000100000001000000001
889,111110000001100001100111100000000000100000000001100000000100001
890,11111000000110000110011110000000000010000000000110000001000000010000001
891,11111000000110000110011110000000000010000000000110000001000000010000011
892,1111100000011000011001111000000000001000000000011000000100000001000001
893,11111000000110000110011110000000000010000000000110000001000000011000000000011100000001010001
894,1111100000011000011001111000000000001000000000011000000100000001100000000001110000000101010
895,111110000001100001100111100000000000100000000001100000010000000100000000001
896,111110000001100001100111100000000000100000000001100000010000000110000000000111000000010000001000001
897,1111100000011000011001111000000000001000000000011000000100000001000000000001
898,11111000000110000110011110000000000010000000000110000001000000011000000000011100000001000000000001010
899,1111100000011000011001111000000000001000000000011000000100000001100000000001110000000101011
900,11111000000110000110011110000000000010000000000110000001000000011000000000011100000001000000000001011
901,1111100000011000011001111000000000001000000000011000000100000001000000011
902,111110000001100001100111100000000000100000000001100000010000000100000001
903,1111100000011000011001111000000000001000000000011000000100000001100000000001110000000100000000000100100
904,1111100000011000011001111000000000001000000000011000000100000001100000000001110000000100000000000100101
905,111110000001100001100111100000000000100000000001100000010000000110000000000111000000010101
906,111110000001100001100111100000000000100000000001100000010000000111
907,1111100000011000011001111000000000001000000000011000000100000001100000000001110000000101001
908,111110000001100001100111100000000000100000000001100000010000000100000000011
909,11111000000110000110011110000000000010000000000110000001000000010000000001
910,1111100000011000011001111000000000001000000000011000000100000001100000000001110000000100000010010
911,111110000001100001100111100000000000100000000001100000010000000110000000000111000000010000001001
912,1111100000011000011001111000000000001000000000011000000100000001001
913,111110000001100001100111100000000000100000000001100000010000000110000000000111000000010000000000010010
914,111110000001100001100111100000000000100000000001100000010000000110000000000111000000010000000000010011
915,111110000001100001100111100000000000100000000001100000010000000100001001
916,1111100000011000011001111000000000001000000000011000000100000001000011
917,11111000000110000110011110000000000010000000000110000001000000010001
918,1111100000011000011001111000000000001000000000011000000100000001100000000001110000000100000010011
919,11111000000110000110011110000000000010000000000110000001000000011000000000011100000001000000100111
920,1111100000011000011001111000000000001000000000011000000000010
921,111110000001100001100111100000000000100000000001100000000001
922,1111100000011000011001111000000000001000000000011000000100000001101
923,1111100000011000011001111000000000001000000000011000000000011
924,11111000000110000110011110000000000010000000000110000001000000011001
925,1111100000011000011001111000000000001000000000011000000100000001100000000001110001001
926,11111000000110000110011110000000000010000000000110000001000000011000000000011100000001000000000001001
927,1111100000011000011001111000000000001000000000011000000100000001100000000001111010
928,11111000000110000110011110000000000010000000000110000001000000011000000000011110101
929,11111000000110000110011110000000000010000000000110000001000000010000000000001
930,1111100000011000011001111000000000001000000000011000000100000001100000000001110000000100000010100
931,1111100000011000011001111000000000001000000000011000000100000001100000000001110000000100000010101
932,1111100000011000011001111000000000001000000000011000000100000001100000000001110000000100000000000101
933,111110000001100001100111100000000000100000000001100000010000000110000000000111000000010000001010
934,1111100000011000011001111000000000001000000000011000000100000001100000000001110000000100000010111
935,111110000001100001100111100000000000100000000001100000010000000110000000000111000000010000001011
936,11111000000110000110011110000000000010000000000110000001000000010000110
937,1111100000011000011001111000000000001000000000011000000100000001100000000001110000000100000000000100001
938,1111100000011000011001111000000000001000000000011000000100000001011
939,11111000000110000110011110000000000010000000000110000001000000010111
940,11111000000110000110011110000000000010000000000110000001000000011000000000011100000001000000101
941,11111000000110000110011110000000000010000000000110000001000000010101
942,1111100000011000011001111000000000001000000000011000000000001
943,11111000000110000110011110000000000010000000000110000001000000010000101
944,11111000000110000110011110000000000010000000000110000001000000011000000000011100000001011
945,1111100000011000011001111000000000001000000000011000000100000001100000000001111001
946,11111000000110000110011110000000000010000000000110000001000000011000000000011110011
947,11111000000110000110011110000000000010000000000110000001000000010100010
948,111110000001100001100111100000000000100000000001100000010000000101000101
949,111110000001100001100111100000000000100000000001100000010000000110000000000111000000010000000000010001
950,1111100000011000011001111000000000001000000000011000000100000001100000000001111011
951,11111000000110000110011110000000000010000000000110000001000000011000000000011110111
952,111110000001100001100111100000000000100000000001100000010000000101001
953,111110000001100001100111100000000000100000000001100000010000000110000000000111000101
954,1111100000011000011001111000000000001000000000011000000100000001100000000001110001011
955,11111000000110000110011110000000000010000000000110000001000000011000000000011100000001000000110
956,111110000001100001100111100000000000100000000001100000010000000110000000000111000000010000001101
957,11111000000110000110011110000000000010000000000110000001000000010000111
958,11111000000110000110011110000000000010000000000110000001000000011000000001
959,111110000001100001100111100000000000100000000001100000010000000110000000011
960,111110000001100001100111100000000000100000000001100000010000000110000000000111000000010000000000011
961,111110000001100001100111100000000000100000000001100000010000000101000011
962,11111000000110000110011110000000000010000000000110000001000000010100001
963,1111100000011000011001111000000000001000000000011000000100000001010001
964,11111000000110000110011110000000000010000000000110000001000000011000000000011100000001000000111
965,111110000001100001100111100000000000100000000001100000010000000101000000000000000010010
966,11111000000110000110011110000000000010000000000110000001000000011000000000011100011
967,111110000001100001100111100000000000100000000001100000010000000110000000000111000000011
968,1111100000011000011001111000000000001000000000011000000100000001100000000001110000000100000011
969,111110000001100001100111100000000000100000000001100000010000000110001
970,1111100000011000011001111000000000001000000000011000000100000001010000000000000000100111
971,111110000001100001100111100000000000100000000001100000010000000101000000000000000010011
972,11111000000110000110011110000000000010000000000110000001000000010100000000000000001000
973,11111000000110000110011110000000000010000000000110000001000000010100000000000000001001
974,1111100000011000011001111000000000001000000000011000000100000001010000000000000000100
975,111110000001100001100111100000000000100000000001100000010000000110000000000111111
976,11111000000110000110011110000000000010000000000110000001000000011000000000011111
977,1111100000011000011001111000000000001000000000011000000100000001100001
978,111110000001100001100111100000000000100000000001100000010000000110000001
979,11111000000110000110011110000000000010000000000110000001000000011000000000011101
980,111110000001100001100111100000000000100000000001100000010000000110000000000111011
981,1111100000011000011001111000000000001000000000011000000100000001100000000001110000000100000000000001010100100
982,1111100000011000011001111000000000001000000000011000000100000001100000000001110000000100000000000001010100101
983,1111100000011000011001111000000000001000000000011000000100000001010000000000000000101
984,1111100000011000011001111000000000001000000000011000000100000001100000000001110000000100001
985,11111000000110000110011110000000000010000000000110000001000000010100011
986,1111100000011000011001111000000000001000000000011000000100000001100000000001110000001
987,111110000001100001100111100000000000100000000001100000010000000110000000000111101
988,111110000001100001100111100000000000100000000001100000010000000110000000000111000000010000000001
989,111110000001100001100111100000000000100000000001100000010000000110000000000111000000010000000000000101010010
990,111110000001100001100111100000000000100000000001100000010000000110000000000111000000010000000000000101010011
991,11111000000110000110011110000000000010000000000110000001000000011000001
992,11111000000110000110011110000000000010000000000110000001000000010100000000000000001010
993,1111100000011000011001111000000000001000000000011000000100000001100000000001110000000100000000001
994,11111000000110000110011110000000000010000000000110000001000000010100000001
995,1111100000011000011001111000000000001000000000011000000100000001100000001
996,11111000000110000110011110000000000010000000000110000001000000011000000011
997,11111000000110000110011110000000000010000000000110000001000000010100000000000000001011
998,1111100000011000011001111000000000001000000000011000000100000001010000001
999,111110000001100001100111100000000000100000000001100000010000000101000001
1000,111110000001100001100111100000000000100000000001100000010000000110000000000111000000010000000000001
1001,111110000001100001100111100000000000100000000001100000010000000101000000001
1002,1111100000011000011001111000000000001000000000011000000100000001010000000011
1003,11111000000110000110011110000000000010000000000110000001000000011000000000011100000001000000000000010101001
1004,1111100000011000011001111000000000001000000000011000000100000001010000000000000000101101
1005,111110000001100001100111100000000000100000000001100000010000000101000000000000000010110
1006,111110000001100001100111100000000000100000000001100000010000000110000000000111000000010001
1007,11111000000110000110011110000000000010000000000110000001000000011000000000011100000001000000001
1008,1111100000011000011001111000000000001000000000011000000100000001010000000001
1009,111110000001100001100111100000000000100000000001100000010000000110000000000111000011
1010,11111000000110000110011110000000000010000000000110000001000000011000000000011100001
1011,1111100000011000011001111000000000001000000000011000000100000001010000000000011
1012,111110000001100001100111100000000000100000000001100000010000000101000000000001
1013,111110000001100001100111100000000000100000000001100000010000000101000000000000010010111
1014,1111100000011000011001111000000000001000000000011000000100000001010000000000000100101111
1015,11111000000110000110011110000000000010000000000110000001000000011000000000011100000001001
1016,111110000001100001100111100000000000100000000001100000010000000110000000001
1017,111110000001100001100111100000000000100000000001100000010000000101000000000000000101
1018,1111100000011000011001111000000000001000000000011000000100000001010000000000000001011
1019,11111000000110000110011110000000000010000000000110000001000000010100000000001
1020,11111000000110000110011110000000000010000000000110000001000000010100000000000001001001
1021,1111100000011000011001111000000000001000000000011000000100000001010000000000000100100
1022,1111100000011000011001111000000000001000000000011000000100000001100000000001110000000100000000000001010100001
1023,11111000000110000110011110000000000010000000000110000001000000011000000000011100000001000000000000010101000011
1024,111110000001100001100111100000000000100000000001100000010000000110000000000111000000010000000011
1025,111110000001100001100111100000000000100000000001100000010000000101000000000000000010111
1026,111110000001100001100111100000000000100000000001100000010000000101000000000000000010
1027,111110000001100001100111100000000000100000000001100000010000000101000000000000000011
1028,1111100000011000011001111000000000001000000000011000000100000001100000000001110000000100000000000001010111
1029,111110000001100001100111100000000000100000000001100000010000000110000000000111000000010000000000000101011
1030,1111100000011000011001111000000000001000000000011000000100000001100000000001110000011
1031,11111000000110000110011110000000000010000000000110000001000000011000000000011100000111
1032,1111100000011000011001111000000000001000000000011000000100000001100000000001110000000100000001
1033,111110000001100001100111100000000000100000000001100000010000000101000000000000010001010
1034,1111100000011000011001111000000000001000000000011000000100000001010000000000000100010101
1035,1111100000011000011001111000000000001000000000011000000100000001010000000000001
1036,111110000001100001100111100000000000100000000001100000010000000110000000000111001
1037,11111000000110000110011110000000000010000000000110000001000000011000000000011100000101
1038,111110000001100001100111100000000000100000000001100000010000000110000000000111000001011
1039,111110000001100001100111100000000000100000000001100000010000000101000000000000000111
1040,1111100000011000011001111000000000001000000000011000000100000001100000000001110000000100000000111
1041,111110000001100001100111100000000000100000000001100000010000000101000000000000010001011
1042,111110000001100001100111100000000000100000000001100000010000000110000000000110111
1043,111110000001100001100111100000000000100000000001100000010000000110000000000111000000010000000000000101010001
1044,1111100000011000011001111000000000001000000000011000000100000001100000000001101101
1045,1111100000011000011001111000000000001000000000011000000100000001010000000000000100101
1046,111110000001100001100111100000000000100000000001100000010000000101000000000000011
1047,1111100000011000011001111000000000001000000000011000000100000001100000000001110000000100000000000001011
1048,111110000001100001100111100000000000100000000001100000010000000110000000000110110101
1049,11111000000110000110011110000000000010000000000110000001000000011000000000011011010
1050,11111000000110000110011110000000000010000000000110000001000000010100000000000000011011111
1051,111110000001100001100111100000000000100000000001100000010000000110000000000111000000010000000000000100111
1052,11111000000110000110011110000000000010000000000110000001000000011000000000011011001
1053,11111000000110000110011110000000000010000000000110000001000000011000000000011100000001000000000000011
1054,111110000001100001100111100000000000100000000001100000010000000110000000000110110011
1055,1111100000011000011001111000000000001000000000011000000100000001100000000001101100111
1056,111110000001100001100111100000000000100000000001100000010000000101000000000000000110111
1057,111110000001100001100111100000000000100000000001100000010000000101000000000000010010
1058,1111100000011000011001111000000000001000000000011000000100000001100000000001110000000100000000000001001011
1059,1111100000011000011001111000000000001000000000011000000100000001010000000000000100110
1060,111110000001100001100111100000000000100000000001100000010000000101000000000000010011
1061,1111100000011000011001111000000000001000000000011000000100000001010000000000000011
1062,111110000001100001100111100000000000100000000001100000010000000110000000000110110111
1063,11111000000110000110011110000000000010000000000110000001000000011000000000011011011
1064,11111000000110000110011110000000000010000000000110000001000000011000000000011100000001000001
1065,1111100000011000011001111000000000001000000000011000000100000001100000000001110000000100000000000001010101
1066,11111000000110000110011110000000000010000000000110000001000000010100000000000001000100010
1067,11111000000110000110011110000000000010000000000110000001000000010100000000000000101
1068,1111100000011000011001111000000000001000000000011000000100000001010000000000000100111
1069,11111000000110000110011110000000000010000000000110000001000000010100000000000001000100011
1070,1111100000011000011001111000000000001000000000011000000100000001010000000000000100010001
1071,11111000000110000110011110000000000010000000000110000001000000010100000000000000110
1072,111110000001100001100111100000000000100000000001100000010000000101000000000000000110110111
1073,11111000000110000110011110000000000010000000000110000001000000011000000000011100000001000000000000010010101
1074,11111000000110000110011110000000000010000000000110000001000000010100000000000000111
1075,111110000001100001100111100000000000100000000001100000010000000101000000000000001100
1076,111110000001100001100111100000000000100000000001100000010000000101000000000000001110
1077,111110000001100001100111100000000000100000000001100000010000000110000000000111000000010000011
1078,1111100000011000011001111000000000001000000000011000000100000001010000000000000100011
1079,1111100000011000011001111000000000001000000000011000000100000001010000000000000010001
1080,11111000000110000110011110000000000010000000000110000001000000010100000000000000100011
1081,111110000001100001100111100000000000100000000001100000010000000101000000000000001001
1082,1111100000011000011001111000000000001000000000011000000100000001010000000000000010011
1083,1111100000011000011001111000000000001000000000011000000100000001100000000001110000000100000000000001001010001
1084,1111100000011000011001111000000000001000000000011000000100000001100000000001101100011
1085,111110000001100001100111100000000000100000000001100000010000000110000000000110110001
1086,11111000000110000110011110000000000010000000000110000001000000011000000000011100000001000000000000010010100001
1087,11111000000110000110011110000000000010000000000110000001000000010100000000000001000101
1088,111110000001100001100111100000000000100000000001100000010000000101000000000000001101
1089,111110000001100001100111100000000000100000000001100000010000000110000000000111000000000001
1090,1111100000011000011001111000000000001000000000011000000100000001100000000001110000000011
1091,1111100000011000011001111000000000001000000000011000000100000001100000000001101100001
1092,1111100000011000011001111000000000001000000000011000000100000001100000000001110000000000001
1093,1111100000011000011001111000000000001000000000011000000100000001010000000000000100001
1094,11111000000110000110011110000000000010000000000110000001000000011000000000011100000001000000000000010010100010
1095,1111100000011000011001111000000000001000000000011000000100000001100000000001110000000100000000000001001010001011
1096,11111000000110000110011110000000000010000000000110000001000000011000000000011100000001000000000000010010100010110
1097,1111100000011000011001111000000000001000000000011000000100000001010000000000000011010
1098,11111000000110000110011110000000000010000000000110000001000000011000000000011100000000001
1099,111110000001100001100111100000000000100000000001100000010000000101000000000000010001001
1100,11111000000110000110011110000000000010000000000110000001000000011000000000011100000000000001
1101,111110000001100001100111100000000000100000000001100000010000000101000000000000001111
1102,1111100000011000011001111000000000001000000000011000000100000001010000000000000011111
1103,11111000000110000110011110000000000010000000000110000001000000010100000000000000100000011
1104,11111000000110000110011110000000000010000000000110000001000000011000000000011100000000101
1105,1111100000011000011001111000000000001000000000011000000100000001010000000000000011011
1106,1111100000011000011001111000000000001000000000011000000100000001100000000001101100000111
1107,111110000001100001100111100000000000100000000001100000010000000110000000000111000000000000001
1108,1111100000011000011001111000000000001000000000011000000100000001010000000000000100000001
1109,11111000000110000110011110000000000010000000000110000001000000011000000000011100000001000000000000010010100011
1110,111110000001100001100111100000000000100000000001100000010000000110000000000111000000010000000000000100101000111
1111,1111100000011000011001111000000000001000000000011000000100000001010000000000000100000011
1112,111110000001100001100111100000000000100000000001100000010000000101000000000000010000001
1113,111110000001100001100111100000000000100000000001100000010000000101000000000000010000011
1114,11111000000110000110011110000000000010000000000110000001000000011000000000011011000001011
1115,111110000001100001100111100000000000100000000001100000010000000110000000000111000000010000000000000100101000001
1116,11111000000110000110011110000000000010000000000110000001000000011000000000011100000000000000001
1117,1111100000011000011001111000000000001000000000011000000100000001100000000001110000000010010
1118,1111100000011000011001111000000000001000000000011000000100000001100000000001110000000000000001
1119,111110000001100001100111100000000000100000000001100000010000000110000000000111000000001001
1120,111110000001100001100111100000000000100000000001100000010000000101000000000000001000001
1121,1111100000011000011001111000000000001000000000011000000100000001010000000000000010000010
1122,11111000000110000110011110000000000010000000000110000001000000011000000000011011000010
1123,1111100000011000011001111000000000001000000000011000000100000001010000000000000100000101
1124,111110000001100001100111100000000000100000000001100000010000000110000000000110110000010100101
1125,11111000000110000110011110000000000010000000000110000001000000011000000000011011000001010010
1126,1111100000011000011001111000000000001000000000011000000100000001010000000000000010000011
1127,111110000001100001100111100000000000100000000001100000010000000110000000000111000000000000000001
1128,11111000000110000110011110000000000010000000000110000001000000010100000000000001000000001
1129,11111000000110000110011110000000000010000000000110000001000000010100000000000001000000000101
1130,11111000000110000110011110000000000010000000000110000001000000011000000000011100000001000000000000010010100010111
1131,11111000000110000110011110000000000010000000000110000001000000011000000000011100000000100111
1132,1111100000011000011001111000000000001000000000011000000100000001100000000001101100000101001
1133,11111000000110000110011110000000000010000000000110000001000000010100000000000001000001010
1134,111110000001100001100111100000000000100000000001100000010000000101000000000000010000010101
1135,1111100000011000011001111000000000001000000000011000000100000001100000000001110000000010011
1136,11111000000110000110011110000000000010000000000110000001000000010100000000000001000001011
1137,1111100000011000011001111000000000001000000000011000000100000001100000000001110000000010001
1138,1111100000011000011001111000000000001000000000011000000100000001100000000001110000000000000000001
1139,111110000001100001100111100000000000100000000001100000010000000110000000000110110000010101
1140,11111000000110000110011110000000000010000000000110000001000000010100000000000000100001
1141,111110000001100001100111100000000000100000000001100000010000000101000000000000001000011
1142,111110000001100001100111100000000000100000000001100000010000000101000000000000010000000001001
1143,1111100000011000011001111000000000001000000000011000000100000001010000000000000100000000001
1144,11111000000110000110011110000000000010000000000110000001000000011000000000011011000001010001
1145,1111100000011000011001111000000000001000000000011000000100000001010000000000000100000000011
1146,11111000000110000110011110000000000010000000000110000001000000011000000000011100000000100001
1147,11111000000110000110011110000000000010000000000110000001000000011000000000011011000011
1148,11111000000110000110011110000000000010000000000110000001000000010100000000000001000000000001
1149,111110000001100001100111100000000000100000000001100000010000000110000000000111000000001000001101
1150,111110000001100001100111100000000000100000000001100000010000000101000000000000010000010001
1151,11111000000110000110011110000000000010000000000110000001000000010100000000000001000001001
1152,11111000000110000110011110000000000010000000000110000001000000010100000000000001000000000110
1153,11111000000110000110011110000000000010000000000110000001000000010100000000000001000000000000001
1154,1111100000011000011001111000000000001000000000011000000100000001010000000000000100000000000000
1155,11111000000110000110011110000000000010000000000110000001000000011000000000011011000001010011
1156,11111000000110000110011110000000000010000000000110000001000000011000000000011100000000000000000001
1157,111110000001100001100111100000000000100000000001100000010000000110000000000111000000000000000000001
1158,11111000000110000110011110000000000010000000000110000001000000010100000000000001000000000000011
1159,111110000001100001100111100000000000100000000001100000010000000101000000000000010000000000000111
1160,11111000000110000110011110000000000010000000000110000001000000011000000000011100000000100000111
1161,1111100000011000011001111000000000001000000000011000000100000001100000000001110000000010000011001
1162,11111000000110000110011110000000000010000000000110000001000000010100000000000001000000000111
1163,1111100000011000011001111000000000001000000000011000000100000001010000000000000100000000011001
1164,111110000001100001100111100000000000100000000001100000010000000101000000000000010000000001100
1165,11111000000110000110011110000000000010000000000110000001000000011000000000011100000000000000000000000101
1166,1111100000011000011001111000000000001000000000011000000100000001100000000001110000000000000000000000010
1167,111110000001100001100111100000000000100000000001100000010000000110000000000110110000010100001
1168,11111000000110000110011110000000000010000000000110000001000000011000000000011100000000000000000000000111
1169,1111100000011000011001111000000000001000000000011000000100000001100000000001110000000000000000000000011
1170,111110000001100001100111100000000000100000000001100000010000000101000000000000010000010110
1171,1111100000011000011001111000000000001000000000011000000100000001100000000001110000000000000000000001
1172,111110000001100001100111100000000000100000000001100000010000000101000000000000010000000000001
1173,111110000001100001100111100000000000100000000001100000010000000101000000000000010000010111
1174,11111000000110000110011110000000000010000000000110000001000000011000000000011100000000000000000000010
1175,1111100000011000011001111000000000001000000000011000000100000001010000000000000100000000000001001
1176,111110000001100001100111100000000000100000000001100000010000000110000000000111000000000000000000000001
1177,11111000000110000110011110000000000010000000000110000001000000011000000000011100000000100000110001
1178,11111000000110000110011110000000000010000000000110000001000000011000000000011100000000000000000000011
1179,111110000001100001100111100000000000100000000001100000010000000110000000000111000000000000000000000110
1180,111110000001100001100111100000000000100000000001100000010000000101000000000000010000000001101
1181,1111100000011000011001111000000000001000000000011000000100000001010000000000000100000000000001011
1182,111110000001100001100111100000000000100000000001100000010000000110000000000111000000001000001100001
1183,11111000000110000110011110000000000010000000000110000001000000011000000000011100000000000000000000000000111
1184,111110000001100001100111100000000000100000000001100000010000000110000000000111000000000000000000000000001111
1185,11111000000110000110011110000000000010000000000110000001000000010100000000000001000000000100011
1186,1111100000011000011001111000000000001000000000011000000100000001010000000000000100000000010001
1187,1111100000011000011001111000000000001000000000011000000100000001100000000001110000000000000000000000001
1188,11111000000110000110011110000000000010000000000110000001000000011000000000011100000000000000000000000011
1189,1111100000011000011001111000000000001000000000011000000100000001010000000000000100000000000001000001
1190,11111000000110000110011110000000000010000000000110000001000000010100000000000001000000000000010000010
1191,111110000001100001100111100000000000100000000001100000010000000110000000000111000000000000000000000111
1192,1111100000011000011001111000000000001000000000011000000100000001100000000001110000000000000000000001111
1193,111110000001100001100111100000000000100000000001100000010000000101000000000000010000000000000101010
1194,11111000000110000110011110000000000010000000000110000001000000010100000000000001000000000000010000011
1195,111110000001100001100111100000000000100000000001100000010000000101000000000000010000000000000101011
1196,11111000000110000110011110000000000010000000000110000001000000010100000000000001000000000000010001
1197,11111000000110000110011110000000000010000000000110000001000000010100000000000001000000000000010101
1198,1111100000011000011001111000000000001000000000011000000100000001100000000001110000000000000000000000000011001
1199,111110000001100001100111100000000000100000000001100000010000000101000000000000010000000000000101000010001
1200,11111000000110000110011110000000000010000000000110000001000000010100000000000001000000000000010100001000
1201,111110000001100001100111100000000000100000000001100000010000000110000000000111000000000000000000000000001101
1202,111110000001100001100111100000000000100000000001100000010000000101000000000000010000000000000101000011
1203,111110000001100001100111100000000000100000000001100000010000000101000000000000010000000000000100000111
1204,1111100000011000011001111000000000001000000000011000000100000001010000000000000100000000000001000001110
1205,1111100000011000011001111000000000001000000000011000000100000001010000000000000100000000000001000001111
1206,11111000000110000110011110000000000010000000000110000001000000010100000000000001000000000000010000011111
1207,111110000001100001100111100000000000100000000001100000010000000110000000000111000000000000000000000011
1208,11111000000110000110011110000000000010000000000110000001000000011000000000011100000000000000000000000001111
1209,11111000000110000110011110000000000010000000000110000001000000011000000000011100000000000000000000001001
1210,11111000000110000110011110000000000010000000000110000001000000010100000000000001000000000000010000011101
1211,11111000000110000110011110000000000010000000000110000001000000010100000000000001000000000000010100001001
1212,1111100000011000011001111000000000001000000000011000000100000001100000000001110000000000000000000000000100
1213,111110000001100001100111100000000000100000000001100000010000000101000000000000010000000000000101000010111001
1214,1111100000011000011001111000000000001000000000011000000100000001010000000000000100000000000001010000101110011
1215,1111100000011000011001111000000000001000000000011000000100000001010000000000000100000000000001000001110001
1216,111110000001100001100111100000000000100000000001100000010000000101000000000000010000000000000100000111000
1217,11111000000110000110011110000000000010000000000110000001000000011000000000011100000000000000000000000001000
1218,11111000000110000110011110000000000010000000000110000001000000010100000000000001000000000000010100001011100
1219,11111000000110000110011110000000000010000000000110000001000000010100000000000001000000000000010100001011101
1220,111110000001100001100111100000000000100000000001100000010000000110000000000111000000000000000000000010011
1221,111110000001100001100111100000000000100000000001100000010000000110000000000111000000000000000000000000011111
1222,1111100000011000011001111000000000001000000000011000000100000001010000000000000100000000000001010000101101
1223,11111000000110000110011110000000000010000000000110000001000000010100000000000001000000000000010100001011011
1224,11111000000110000110011110000000000010000000000110000001000000011000000000011100000000000000000000000001001
1225,1111100000011000011001111000000000001000000000011000000100000001010000000000000100000000000001010000101110
1226,1111100000011000011001111000000000001000000000011000000100000001010000000000000100000000000001010000101100000010
1227,11111000000110000110011110000000000010000000000110000001000000011000000000011100000000000000000000000000011011
1228,111110000001100001100111100000000000100000000001100000010000000110000000000111000000000000000000000000000110111
1229,111110000001100001100111100000000000100000000001100000010000000101000000000000010000000000000100000111001
1230,1111100000011000011001111000000000001000000000011000000100000001010000000000000100000000000001000001110010
1231,1111100000011000011001111000000000001000000000011000000100000001010000000000000100000000000001010000101100000011
1232,111110000001100001100111100000000000100000000001100000010000000101000000000000010000000000000101000010111
1233,1111100000011000011001111000000000001000000000011000000100000001010000000000000100000000000001010000101111
1234,1111100000011000011001111000000000001000000000011000000100000001010000000000000100000000000001000001110011
1235,1111100000011000011001111000000000001000000000011000000100000001100000000001110000000000000000000000000101
1236,1111100000011000011001111000000000001000000000011000000100000001010000000000000100000000000001010000101100100
1237,11111000000110000110011110000000000010000000000110000001000000010100000000000001000000000000010100001011001
1238,111110000001100001100111100000000000100000000001100000010000000101000000000000010000000000000101000010110010
1239,1111100000011000011001111000000000001000000000011000000100000001010000000000000100000000000001010000101100101
1240,1111100000011000011001111000000000001000000000011000000100000001100000000001110000000000000000000000000111001
1241,11111000000110000110011110000000000010000000000110000001000000011000000000011100000000000000000000000001110001000
1242,111110000001100001100111100000000000100000000001100000010000000110000000000111000000000000000000000000011101
1243,111110000001100001100111100000000000100000000001100000010000000101000000000000010000000000000101000010110011
1244,1111100000011000011001111000000000001000000000011000000100000001100000000001110000000000000000000000000111000100
1245,111110000001100001100111100000000000100000000001100000010000000110000000000111000000000000000000000000011100010
1246,11111000000110000110011110000000000010000000000110000001000000011000000000011100000000000000000000000001110001
1247,11111000000110000110011110000000000010000000000110000001000000011000000000011100000000000000000000000001110001001
1248,111110000001100001100111100000000000100000000001100000010000000101000000000000010000000000000101000010110000001
1249,1111100000011000011001111000000000001000000000011000000100000001100000000001110000000000000000000000000111000101
1250,11111000000110000110011110000000000010000000000110000001000000011000000000011100000000000000000000000000011010001
1251,111110000001100001100111100000000000100000000001100000010000000110000000000111000000000000000000000000000110100001
1252,111110000001100001100111100000000000100000000001100000010000000110000000000111000000000000000000000000000110101
1253,1111100000011000011001111000000000001000000000011000000100000001010000000000000100000000000001010000101100011
1254,11111000000110000110011110000000000010000000000110000001000000010100000000000001000000000000010100001011000001
1255,111110000001100001100111100000000000100000000001100000010000000110000000000111000000000000000000000000011100011
1256,111110000001100001100111100000000000100000000001100000010000000110000000000111000000000000000000000000011100001
1257,1111100000011000011001111000000000001000000000011000000100000001100000000001110000000000000000000000000001101001
1258,1111100000011000011001111000000000001000000000011000000100000001010000000000000100000000000001010000101100001001
1259,11111000000110000110011110000000000010000000000110000001000000010100000000000001000000000000010100001011000101
1260,111110000001100001100111100000000000100000000001100000010000000101000000000000010000000000000101000010110000101
1261,1111100000011000011001111000000000001000000000011000000100000001100000000001110000000000000000000000000001101000001
1262,11111000000110000110011110000000000010000000000110000001000000011000000000011100000000000000000000000001110000001
1263,111110000001100001100111100000000000100000000001100000010000000101000000000000010000000000000101000010110001000110
1264,111110000001100001100111100000000000100000000001100000010000000101000000000000010000000000000101000010110001001
1265,11111000000110000110011110000000000010000000000110000001000000011000000000011100000000000000000000000000011010000010
1266,11111000000110000110011110000000000010000000000110000001000000010100000000000001000000000000010100001011000011
1267,1111100000011000011001111000000000001000000000011000000100000001100000000001110000000000000000000000000111000000000001
1268,111110000001100001100111100000000000100000000001100000010000000110000000000111000000000000000000000000011100000001
1269,1111100000011000011001111000000000001000000000011000000100000001100000000001110000000000000000000000000111000001
1270,111110000001100001100111100000000000100000000001100000010000000101000000000000010000000000000101000010110001000111
1271,11111000000110000110011110000000000010000000000110000001000000011000000000011100000000000000000000000000011010000011
1272,1111100000011000011001111000000000001000000000011000000100000001100000000001110000000000000000000000000111000000000010
1273,111110000001100001100111100000000000100000000001100000010000000110000000000111000000000000000000000000011100000000001
1274,11111000000110000110011110000000000010000000000110000001000000010100000000000001000000000000010100001011000100001
1275,11111000000110000110011110000000000010000000000110000001000000011000000000011100000000000000000000000001110000000000110
1276,1111100000011000011001111000000000001000000000011000000100000001100000000001110000000000000000000000000111000000000011
1277,11111000000110000110011110000000000010000000000110000001000000011000000000011100000000000000000000000001110000000000111
1278,11111000000110000110011110000000000010000000000110000001000000010100000000000001000000000000010100001011000100000000101
1279,1111100000011000011001111000000000001000000000011000000100000001010000000000000100000000000001010000101100010000001000010
1280,111110000001100001100111100000000000100000000001100000010000000101000000000000010000000000000101000010110001000000100001
1281,111110000001100001100111100000000000100000000001100000010000000101000000000000010000000000000101000010110001000000110000100001
1282,1111100000011000011001111000000000001000000000011000000100000001010000000000000100000000000001010000101100010000001000011
1283,11111000000110000110011110000000000010000000000110000001000000011000000000011100000000000000000000000000011010000000010001011
1284,111110000001100001100111100000000000100000000001100000010000000101000000000000010000000000000101000010110001000000110000101
1285,11111000000110000110011110000000000010000000000110000001000000010100000000000001000000000000010100001011000100011
1286,111110000001100001100111100000000000100000000001100000010000000110000000000111000000000000000000000000000110100000001
1287,11111000000110000110011110000000000010000000000110000001000000011000000000011100000000000000000000000001110000000001
1288,11111000000110000110011110000000000010000000000110000001000000010100000000000001000000000000010100001011000100000000110
1289,11111000000110000110011110000000000010000000000110000001000000010100000000000001000000000000010100001011000100000001
1290,1111100000011000011001111000000000001000000000011000000100000001010000000000000100000000000001010000101100010000000011
1291,11111000000110000110011110000000000010000000000110000001000000010100000000000001000000000000010100001011000100000000111
1292,1111100000011000011001111000000000001000000000011000000100000001100000000001110000000000000000000000000111000000001
1293,11111000000110000110011110000000000010000000000110000001000000011000000000011100000000000000000000000000011010000001
1294,1111100000011000011001111000000000001000000000011000000100000001100000000001110000000000000000000000000001101000000001011
1295,11111000000110000110011110000000000010000000000110000001000000011000000000011100000000000000000000000000011010000000010101
1296,11111000000110000110011110000000000010000000000110000001000000010100000000000001000000000000010100001011000100000000011
1297,111110000001100001100111100000000000100000000001100000010000000101000000000000010000000000000101000010110001000000101
1298,1111100000011000011001111000000000001000000000011000000100000001010000000000000100000000000001010000101100010000001010
1299,1111100000011000011001111000000000001000000000011000000100000001010000000000000100000000000001010000101100010000001011100
1300,1111100000011000011001111000000000001000000000011000000100000001010000000000000100000000000001010000101100010000001011
1301,11111000000110000110011110000000000010000000000110000001000000010100000000000001000000000000010100001011000100000010110
1302,1111100000011000011001111000000000001000000000011000000100000001010000000000000100000000000001010000101100010000001011101
1303,11111000000110000110011110000000000010000000000110000001000000010100000000000001000000000000010100001011000100000010111
1304,111110000001100001100111100000000000100000000001100000010000000101000000000000010000000000000101000010110001000000101110
1305,1111100000011000011001111000000000001000000000011000000100000001100000000001110000000000000000000000000001101000000001010001
1306,1111100000011000011001111000000000001000000000011000000100000001010000000000000100000000000001010000101100010000001111
1307,111110000001100001100111100000000000100000000001100000010000000101000000000000010000000000000101000010110001000000111001
1308,1111100000011000011001111000000000001000000000011000000100000001100000000001110000000000000000000000000001101000000001001
1309,1111100000011000011001111000000000001000000000011000000100000001010000000000000100000000000001010000101100010000001101
1310,11111000000110000110011110000000000010000000000110000001000000011000000000011100000000000000000000000000011010000000010100001
1311,1111100000011000011001111000000000001000000000011000000100000001100000000001110000000000000000000000000001101000000001000011
1312,111110000001100001100111100000000000100000000001100000010000000110000000000111000000000000000000000000000110100000000100001
1313,111110000001100001100111100000000000100000000001100000010000000110000000000111000000000000000000000000000110100000000101001
1314,11111000000110000110011110000000000010000000000110000001000000010100000000000001000000000000010100001011000100000011101
1315,111110000001100001100111100000000000100000000001100000010000000101000000000000010000000000000101000010110001000000101111
1316,111110000001100001100111100000000000100000000001100000010000000101000000000000010000000000000101000010110001000000110001
1317,1111100000011000011001111000000000001000000000011000000100000001010000000000000100000000000001010000101100010000001001
1318,111110000001100001100111100000000000100000000001100000010000000110000000000111000000000000000000000000000110100000000111
1319,11111000000110000110011110000000000010000000000110000001000000010100000000000001000000000000010100001011000100000010001
1320,11111000000110000110011110000000000010000000000110000001000000010100000000000001000000000000010100001011000100000011000011
1321,11111000000110000110011110000000000010000000000110000001000000010100000000000001000000000000010100001011000100000011000001
1322,1111100000011000011001111000000000001000000000011000000100000001100000000001110000000000000000000000000001101000000001000001
1323,1111100000011000011001111000000000001000000000011000000100000001010000000000000100000000000001010000101100010000001100001000000000001
1324,11111000000110000110011110000000000010000000000110000001000000010100000000000001000000000000010100001011000100000011000010000000000001
1325,111110000001100001100111100000000000100000000001100000010000000101000000000000010000000000000101000010110001000000110000100000000011
1326,1111100000011000011001111000000000001000000000011000000100000001100000000001110000000100000000000001001
1327,11111000000110000110011110000000000010000000000110000001000000011000000000011100000001000000000000010010
1328,11111000000110000110011110000000000010000000000110000001000000011000000000011100000001000000000000010011
1329,1111100000011000011001111000000000001000000000011000000100000001010000000000000001101101
1330,11111000000110000110011110000000000010000000000110000001000000010100000000000000011011010
1331,11111000000110000110011110000000000010000000000110000001000000010100000000000000011011011
1332,111110000001100001100111100000000000100000000001100000010000000110000000000110110000010
1333,111110000001100001100111100000000000100000000001100000010000000110000000000110110000011
1334,11111000000110000110011110000000000010000000000110000001000000011000000000011011000001
1335,1111100000011000011001111000000000001000000000011000000100000001010000000000000100000000000001
50,1
